,year,state,ev_r,ev_d,population,total_vap,total_reg,total_vote,perc_vap,perc_reg,d_placed,r_placed,perc_margin,vote_perc_d,vote_perc_r,vote_perc_t,vote_perc_o,electoral,governor,con_house_d,con_house_r,con_sen_d,con_sen_r,leg_house_d,leg_house_r,leg_sen_d,leg_sen_r
0,2016,arizona,11,0,6931071.0,2650448.272727273,4088036.0,2604657,47.13636363636363,63.7,2,1,3.5,44.58,48.08,4.08,3.25,R,R,4,5,0,2,24,36,12,18
1,2016,arkansas,6,0,2988248.0,1716394.7272727273,1759982.0,1130635,50.25454545454545,64.2,2,1,26.92,33.65,60.57,2.64,3.13,R,R,0,4,0,2,35,64,11,24
2,2016,california,0,55,39250017.0,20203289.545454547,19411771.0,14237893,50.26363636363636,73.3,1,2,29.99,61.48,31.49,3.36,3.66,D,D,39,14,2,0,52,28,26,14
3,2016,colorado,0,9,5540545.0,2483406.4545454546,3840159.0,2780247,58.781818181818174,72.4,1,2,4.91,48.16,43.25,5.18,3.41,D,D,3,4,1,1,34,31,17,18
4,2016,connecticut,0,7,3576452.0,2381271.909090909,2357733.0,1644920,61.49090909090909,69.8,1,2,13.64,54.57,40.93,2.96,1.55,D,D,5,0,2,0,87,64,21,15
5,2016,delaware,0,3,952065.0,492330.7272727273,675663.0,443814,57.57272727272727,65.7,1,2,11.37,53.09,41.71,3.33,1.88,D,D,1,0,2,0,25,16,12,9
6,2016,florida,29,0,20612439.0,9349346.0,6970367.583333333,9502747,50.63636363636363,73.97500000000001,2,1,1.19,47.41,48.6,2.18,1.82,R,R,10,17,1,1,39,81,14,26
7,2016,georgia,16,0,10310371.0,4732607.181818182,5443046.0,4141447,44.127272727272725,76.1,2,1,5.1,45.35,50.44,3.03,1.18,R,R,4,10,0,2,60,119,17,39
8,2016,hawaii,0,3,1428557.0,774733.1818181818,749917.0,428937,44.93636363636363,57.2,1,2,32.18,62.22,30.04,3.72,4.02,D,D,2,0,2,0,44,7,24,1
9,2016,idaho,4,0,1683140.0,736347.4545454546,936529.0,690433,61.781818181818174,73.7,2,1,31.76,27.48,59.25,4.1,9.17,R,R,0,2,0,2,14,56,7,28
10,2016,illinois,0,20,12801539.0,8441005.818181818,8029847.0,5594825,57.55454545454545,69.7,1,2,16.89,55.24,38.36,3.75,2.65,D,R,10,8,1,1,71,47,39,20
11,2016,indiana,11,0,6633053.0,4047533.1818181816,4829243.0,2757965,56.61818181818182,57.1,2,1,19.01,37.46,56.47,4.86,1.22,R,R,2,7,1,1,29,71,10,40
12,2016,iowa,6,0,3134693.0,2073180.9090909092,2172985.0,1566031,63.6090909090909,72.1,2,1,9.41,41.74,51.15,3.78,3.33,R,R,1,3,0,2,43,57,26,24
13,2016,kansas,6,0,2907289.0,1785927.0909090908,1817920.0,1194755,58.54545454545453,65.7,2,1,20.42,35.74,56.16,4.64,3.46,R,R,0,4,0,2,27,98,8,32
14,2016,kentucky,8,0,4436974.0,2710629.8181818184,3306120.0,1924150,51.17272727272727,58.2,2,1,29.84,32.68,62.52,2.79,2.0,R,R,1,5,0,2,50,46,11,27
15,2016,kentucky,8,0,4436974.0,2710629.8181818184,3306120.0,1924150,51.17272727272727,58.2,2,1,29.84,32.68,62.52,2.79,2.0,R,R,1,5,0,2,53,47,11,27
16,2016,louisiana,8,0,4681666.0,2917320.272727273,3023241.0,2029032,54.36363636363637,67.1,2,1,19.64,38.45,58.09,1.87,1.59,R,D,1,5,0,2,42,61,14,25
17,2016,maine,1,3,1331479.0,863904.0909090909,1064258.0,747927,66.3,70.3,1,2,2.96,47.83,44.87,5.09,2.21,"D,R",R,1,1,0,0,78,69,15,20
18,2016,maryland,0,10,6016447.0,3415824.272727273,2495207.75,2781446,52.309090909090905,75.05,1,2,26.42,60.33,33.91,2.86,2.9,D,R,7,1,0,0,91,50,33,14
19,2016,massachusetts,0,11,6811779.0,4438830.0,4534974.0,3325046,59.790909090909096,73.3,1,2,27.2,60.01,32.81,4.15,3.04,E,R,9,0,2,0,125,35,34,6
20,2016,michigan,16,0,9928300.0,6669804.454545454,7514055.0,4824542,60.054545454545455,64.2,2,1,0.22,47.03,47.25,3.57,2.16,R,R,5,9,2,0,47,63,11,27
21,2016,minnesota,0,10,5519952.0,3145540.090909091,3623913.0,2945233,70.02727272727272,81.3,1,2,1.51,46.44,44.93,3.84,4.79,D,Mark Dayton (DFL),5,3,2,0,61,73,39,28
22,2016,mississippi,6,0,2988726.0,1801204.9090909092,2085757.0,1211088,51.027272727272724,58.1,2,1,17.8,40.06,57.86,1.19,0.89,R,R,1,3,0,2,48,74,20,32
23,2016,missouri,10,0,6093000.0,3756100.8181818184,4223787.0,2828266,59.25454545454545,67.0,2,1,18.51,37.87,56.38,3.44,2.31,R,D,2,6,0,1,45,117,8,24
24,2016,montana,3,0,1042520.0,588750.0909090909,694370.0,501822,65.11818181818181,72.3,2,1,20.23,35.41,55.65,5.59,3.35,R,D,0,1,1,1,41,59,21,29
25,2016,nebraska,5,0,1907116.0,1154604.3636363635,1211101.0,844227,58.01818181818181,69.7,2,1,25.05,33.7,58.75,4.61,2.94,R,R,1,2,0,2,0,0,0,0
26,2016,nevada,0,6,2940058.0,954593.2727272727,1679254.0,1125385,45.86363636363637,67.0,1,2,2.42,47.92,45.5,3.32,3.26,D,R,1,3,1,1,17,24,10,11
27,2016,new hampshire,0,4,1334795.0,765444.0909090909,1016926.0,744296,61.47272727272727,73.2,1,2,0.37,46.83,46.46,4.14,2.58,D,D,2,2,1,1,160,239,10,14
28,2016,new jersey,0,14,8944469.0,5722352.363636363,5808260.0,3906723,56.372727272727275,67.3,1,2,13.98,54.99,41.0,1.86,2.15,D,R,6,6,2,0,0,0,24,16
29,2016,new mexico,0,5,2081015.0,1043588.9090909091,1289420.0,798319,52.27272727272727,61.9,1,2,8.21,48.26,40.04,9.34,2.36,D,R,2,1,2,0,33,37,24,18
30,2016,new york,0,29,19745289.0,13415478.727272727,12493250.0,7721795,51.03636363636363,61.8,1,2,22.49,59.0,36.51,2.29,2.2,D,D,18,9,2,0,104,43,0,0
31,2016,north carolina,15,0,10146788.0,4922272.363636363,6896349.0,4741564,48.73636363636364,68.8,2,1,3.66,46.17,49.83,2.74,1.25,R,E,3,10,0,2,45,74,16,34
32,2016,north dakota,3,0,757952.0,457845.54545454547,6510583.846153846,344360,64.30000000000001,75.29999999999998,2,1,35.73,27.23,62.96,6.22,3.59,R,R,0,1,1,1,23,71,15,32
33,2016,ohio,18,0,11614373.0,7863454.454545454,7861025.0,5536547,58.83636363636363,70.4,2,1,8.07,43.24,51.31,3.15,2.29,R,R,4,12,1,1,34,65,10,23
34,2016,oklahoma,7,0,3923561.0,2271035.4545454546,2157450.0,1452992,53.972727272727276,67.3,2,1,36.39,28.93,65.32,5.75,0.0,R,R,0,5,0,2,30,71,9,39
35,2016,oregon,0,7,4093465.0,2170212.9,2553806.0,2001336,62.260000000000005,78.4,1,2,10.98,50.07,39.09,4.71,6.13,D,D,4,1,2,0,35,25,18,12
36,2016,pennsylvania,20,0,12784227.0,8864096.909090908,8722977.0,6166729,55.59090909090909,70.7,2,1,0.72,47.46,48.17,2.38,1.99,Donald Trump and Mike Pence (R ) Y,D,5,13,1,1,84,119,19,31
37,2016,pennsylvania,20,0,12784227.0,8864096.909090908,8722977.0,6166729,55.59090909090909,70.7,2,1,0.72,47.46,48.17,2.38,1.99,Donald Trump and Mike Pence (R ) Y,D,5,13,1,1,84,119,19,31
38,2016,rhode island,0,4,1056426.0,737891.8181818182,770875.0,464144,57.09090909090909,60.2,1,2,15.51,54.41,38.9,3.18,3.52,D,D,2,0,2,0,62,12,32,5
39,2016,south dakota,3,0,865454.0,504465.2727272727,595126.0,370093,65.06363636363636,62.2,2,1,29.79,31.74,61.53,5.63,1.1,R,R,0,1,0,2,12,58,8,27
40,2016,tennessee,11,0,6651194.0,3622186.090909091,4110318.0,2508027,49.67272727272727,61.0,2,1,26.01,34.72,60.72,2.81,1.75,R,R,2,7,0,2,26,73,5,28
41,2016,texas,36,0,27862596.0,11903894.272727273,15101087.0,8993166,45.71818181818182,59.6,2,1,8.98,43.12,52.1,3.15,1.63,R,R,11,25,0,2,50,99,11,20
42,2016,utah,6,0,3051217.0,1138758.0,1576497.0,1143601,61.436363636363645,72.5,2,1,17.89,27.17,45.05,3.46,24.32,R,R,0,4,0,2,12,63,5,24
43,2016,vermont,0,3,624594.0,397749.8181818182,471619.0,315067,61.618181818181824,66.8,1,2,26.41,56.68,30.27,3.2,9.85,D,D,1,0,1,0,85,53,18,9
44,2016,virginia,0,13,8411808.0,4442881.0,5604003.0,3982752,51.099999999999994,71.1,1,2,5.32,49.75,44.43,2.97,2.85,D,D,3,8,2,0,34,66,19,21
45,2016,washington,0,8,7288000.0,3495940.090909091,4270270.0,3316996,59.50909090909091,77.7,1,2,15.71,52.54,36.83,4.85,5.78,D,D,6,4,2,0,50,48,23,26
46,2016,west virginia,5,0,1831102.0,1345597.1818181819,1274887.0,721233,53.45454545454547,56.6,2,1,41.68,26.18,67.85,3.19,2.78,R,D,0,0,1,1,0,0,0,0
47,2016,wisconsin,10,0,5778708.0,3537026.272727273,3711904.0,2976150,65.71818181818182,80.2,2,1,0.76,46.45,47.22,3.58,2.74,R,R,3,5,1,1,36,63,14,19
48,2016,wyoming,3,0,585501.0,321880.45454545453,278042.0,255849,59.68181818181818,92.0,2,1,46.3,21.88,68.17,5.19,4.76,R,R,0,1,0,2,9,51,4,26
49,2012,alabama,9,0,4822023.0,2911044.3636363638,3162135.0,2074338,50.4909090909091,65.6,2,1,22.19,38.36,60.55,0.0,1.1,R,R,1,6,0,2,39,66,12,22
50,2012,alaska,3,0,731449.0,349465.0,506434.0,300495,57.790909090909096,59.3,2,1,13.99,40.81,54.8,0.0,4.39,R,R,0,1,1,1,16,24,10,10
51,2012,arizona,11,0,6553255.0,2650448.272727273,3725362.0,2306559,47.13636363636363,61.9,2,1,9.04,44.45,53.48,0.0,2.07,R,R,3,5,0,2,20,40,9,21
52,2012,arkansas,6,0,2949131.0,1716394.7272727273,1618328.0,1069468,50.25454545454545,66.1,2,1,23.69,36.88,60.57,0.0,2.55,Mitt Romney and Paul Ryan N,D,1,3,0,1,54,46,20,15
53,2012,california,0,55,38041430.0,20203289.545454547,18245970.0,13055815,50.26363636363636,71.6,1,2,23.09,60.16,37.07,0.0,2.77,D,D,34,19,2,0,52,27,25,15
54,2012,california,0,55,38041430.0,20203289.545454547,18245970.0,13055815,50.26363636363636,71.6,1,2,23.09,60.16,37.07,0.0,2.77,E,D,34,19,2,0,52,28,25,15
55,2012,colorado,0,9,5187582.0,2483406.4545454546,3644344.0,2571846,58.781818181818174,70.6,1,2,5.36,51.45,46.09,0.0,2.47,D,D,3,4,2,0,32,33,20,15
56,2012,connecticut,0,7,3590347.0,2381271.909090909,2218663.0,1558993,61.49090909090909,70.3,1,2,17.33,58.06,40.72,0.0,1.22,D,D,5,0,2,0,99,52,22,14
57,2012,delaware,0,3,917092.0,492330.7272727273,632417.0,413921,57.57272727272727,65.5,1,2,18.63,58.61,39.98,0.0,1.41,D,D,1,0,2,0,26,15,14,7
58,2012,d.c.,0,3,632323.0,481157.0,483600.0,293764,41.74545454545454,60.7,1,2,83.63,90.91,7.28,0.0,1.81,D,D,1,0,2,0,0,0,0,0
59,2012,florida,0,29,19317568.0,9349346.0,11934446.0,8492175,50.63636363636363,71.2,1,2,0.88,49.9,49.03,0.0,1.07,D,R,6,19,1,1,39,81,12,28
60,2012,georgia,16,0,9919945.0,4732607.181818182,5428980.0,3908369,44.127272727272725,72.0,2,1,7.8,45.39,53.19,0.0,1.43,R,R,5,8,0,2,63,116,21,35
61,2012,hawaii,0,4,1392313.0,774733.1818181818,705668.0,434697,44.93636363636363,61.6,1,2,42.71,70.55,27.84,0.0,1.62,D,D,2,0,0,0,43,8,24,1
62,2012,idaho,4,0,1595728.0,736347.4545454546,895834.0,656742,61.781818181818174,73.3,2,1,31.69,32.4,64.09,0.0,3.51,R,R,0,2,0,2,13,57,7,28
63,2012,illinois,0,20,12875255.0,8441005.818181818,7520722.0,5251432,57.55454545454545,69.8,1,2,16.84,57.5,40.66,0.0,1.84,D,D,8,11,1,1,64,54,35,24
64,2012,indiana,11,0,6537334.0,4047533.1818181816,4555257.0,2633143,56.61818181818182,57.8,2,1,10.2,43.84,54.04,0.0,2.13,R,R,3,6,0,2,40,60,13,37
65,2012,iowa,0,6,3074186.0,2073180.9090909092,2197914.0,1582180,63.6090909090909,72.0,1,2,5.81,51.99,46.18,0.0,1.83,D,R,3,2,1,1,40,60,26,24
66,2012,kansas,6,0,2885905.0,1785927.0909090908,1771252.0,1157532,58.54545454545453,65.4,2,1,21.59,38.0,59.59,0.0,2.4,R,R,0,4,0,2,33,92,8,32
67,2012,kentucky,8,0,4380415.0,2710629.8181818184,3037153.0,1798048,51.17272727272727,59.2,2,1,22.68,37.78,60.47,0.0,1.75,R,D,2,4,0,2,59,41,15,22
68,2012,louisiana,8,0,4601893.0,2917320.272727273,2965751.0,1994065,54.36363636363637,67.2,2,1,17.21,40.58,57.78,0.0,1.64,R,R,1,6,1,1,45,58,15,24
69,2012,maine,0,4,1329192.0,863904.0909090909,1025444.0,713180,66.3,69.5,1,2,15.29,56.27,40.98,0.0,2.75,D,R,2,0,0,0,72,78,14,20
70,2012,maryland,0,10,5884563.0,3415824.272727273,3694527.0,2707327,52.309090909090905,73.3,1,2,26.08,61.97,35.9,0.0,2.13,D,D,6,2,1,0,98,43,35,12
71,2012,massachusetts,0,11,6646144.0,4438830.0,4342841.0,3167767,59.790909090909096,72.9,1,2,23.15,60.67,37.52,0.0,1.82,E,D,10,0,1,1,127,33,36,4
72,2012,michigan,0,16,9883360.0,6669804.454545454,7454553.0,4745316,60.054545454545455,63.7,1,2,9.47,54.04,44.58,0.0,1.38,D,R,6,9,2,0,46,64,12,26
73,2012,minnesota,0,10,5379139.0,3145540.090909091,3611892.0,2936561,70.02727272727272,81.3,1,2,7.69,52.65,44.96,0.0,2.39,D,Mark Dayton (DFL),4,4,2,0,62,72,30,37
74,2012,mississippi,6,0,2984926.0,1801204.9090909092,2066851.0,1285584,51.027272727272724,62.2,2,1,11.5,43.79,55.29,0.0,0.92,R,R,1,3,0,2,58,64,21,31
75,2012,missouri,10,0,6021988.0,3756100.8181818184,4007174.0,2763689,59.25454545454545,69.0,2,1,9.36,44.28,53.64,0.0,2.08,R,D,3,6,1,1,55,103,8,26
76,2012,montana,3,0,1005141.0,588750.0909090909,681608.0,484484,65.11818181818181,71.1,2,1,13.64,41.66,55.3,0.0,3.04,R,D,0,1,2,0,32,68,22,28
77,2012,nebraska,5,0,1855525.0,1154604.3636363635,1163871.0,794379,58.01818181818181,68.3,2,1,21.78,38.03,59.8,0.0,2.17,R,R,0,3,1,1,0,0,0,0
78,2012,nevada,0,6,2758931.0,954593.2727272727,1500818.0,1014918,45.86363636363637,67.6,1,2,6.68,52.36,45.68,0.0,1.97,D,R,1,2,1,1,26,16,11,10
79,2012,new hampshire,0,4,1320718.0,765444.0909090909,905957.0,710972,61.47272727272727,78.5,1,2,5.58,51.98,46.4,0.0,1.62,D,D,0,4,1,1,102,298,5,19
80,2012,new jersey,0,14,8864590.0,5722352.363636363,5497322.0,3651140,56.372727272727275,66.4,1,2,17.74,58.25,40.5,0.0,1.25,D,R,7,6,2,0,0,0,24,16
81,2012,new mexico,0,5,2085538.0,1043588.9090909091,1254567.0,783757,52.27272727272727,62.5,1,2,10.15,52.99,42.84,0.0,4.16,D,R,2,1,2,0,36,33,19,0
82,2012,new york,0,29,19570261.0,13415478.727272727,11969192.0,7081536,51.03636363636363,59.2,1,2,28.18,63.35,35.17,0.0,1.49,D,D,21,8,2,0,98,51,30,32
83,2012,north carolina,15,0,9752073.0,4922272.363636363,6649188.0,4505372,48.73636363636364,67.8,2,1,2.04,48.35,50.39,0.0,1.26,D,E,7,6,1,1,52,68,19,31
84,2012,north dakota,3,0,699628.0,457845.54545454547,6510583.846153846,322627,64.30000000000001,75.29999999999998,2,1,19.63,38.69,58.32,0.0,2.99,R,R,0,1,1,1,25,69,12,35
85,2012,ohio,0,18,11544225.0,7863454.454545454,7987203.0,5590934,58.83636363636363,70.0,1,2,2.97,50.58,47.6,0.0,1.82,D,R,5,13,1,1,40,59,10,23
86,2012,oklahoma,7,0,3814820.0,2271035.4545454546,2114713.0,1334872,53.972727272727276,63.1,2,1,33.54,33.23,66.77,0.0,0.0,R,R,1,4,0,2,31,67,16,32
87,2012,oregon,0,7,3899353.0,2170212.9,2199360.0,1789270,62.260000000000005,81.4,1,2,12.09,54.24,42.15,0.0,3.61,D,D,4,1,2,0,30,30,16,14
88,2012,pennsylvania,0,20,12763536.0,8864096.909090908,8508015.0,5755620,55.59090909090909,67.6,1,2,5.38,51.95,46.57,0.0,1.48,D,R,7,12,1,1,91,112,20,30
89,2012,rhode island,0,4,1050292.0,737891.8181818182,732860.0,446049,57.09090909090909,60.9,1,2,27.46,62.7,35.24,0.0,2.06,D,I,2,0,2,0,65,9,29,8
90,2012,south carolina,9,0,4723723.0,2472356.272727273,2875496.0,1964118,44.336363636363636,68.3,2,1,10.47,44.09,54.56,0.0,1.35,R,R,1,5,0,2,48,76,19,27
91,2012,south carolina,9,0,4723723.0,2472356.272727273,2875496.0,1964118,44.336363636363636,68.3,2,1,10.47,44.09,54.56,0.0,1.35,R,R,1,5,0,2,48,76,19,27
92,2012,south dakota,3,0,833354.0,504465.2727272727,581753.0,363815,65.06363636363636,62.5,2,1,18.02,39.87,57.89,0.0,2.24,R,R,0,1,1,1,19,50,5,30
93,2012,tennessee,11,0,6456243.0,3622186.090909091,4013242.0,2460904,49.67272727272727,61.3,2,1,20.38,39.04,59.42,0.0,1.54,R,R,2,7,0,2,34,64,13,20
94,2012,texas,38,0,26059203.0,11903894.272727273,13646226.0,7999657,45.71818181818182,58.6,2,1,15.77,41.35,57.13,0.0,1.52,R,R,9,23,0,2,49,101,12,19
95,2012,utah,6,0,2855287.0,1138758.0,1513241.0,1020861,61.436363636363645,67.5,2,1,47.88,24.67,72.55,0.0,2.79,R,R,1,2,0,2,17,58,7,22
96,2012,vermont,0,3,626011.0,397749.8181818182,461237.0,299290,61.618181818181824,64.9,1,2,35.6,66.57,30.97,0.0,2.46,D,D,1,0,1,0,94,48,20,8
97,2012,virginia,0,13,8185867.0,4442881.0,5428833.0,3854489,51.099999999999994,71.0,1,2,3.87,51.16,47.28,0.0,1.56,D,R,3,8,2,0,32,67,20,20
98,2012,washington,0,12,6897012.0,3495940.090909091,3904959.0,3145958,59.50909090909091,80.6,1,2,14.77,55.8,41.03,0.0,3.18,D,D,5,4,2,0,56,42,27,22
99,2012,west virginia,5,0,1855413.0,1345597.1818181819,1246559.0,672119,53.45454545454547,53.9,2,1,26.69,35.45,62.14,0.0,2.41,R,D,0,0,2,0,0,0,0,0
100,2012,wisconsin,0,10,5726398.0,3537026.272727273,3644205.0,3068434,65.71818181818182,84.2,1,2,6.94,52.83,45.89,0.0,1.29,D,R,3,5,1,1,39,59,17,16
101,2012,wyoming,3,0,576412.0,321880.45454545453,240438.0,249061,59.68181818181818,103.6,2,1,40.82,27.82,68.64,0.0,3.54,R,R,0,1,0,2,10,50,4,26
102,2008,alabama,9,0,4661900.0,3497000.0,2841195.0,2099819,60.0,73.9,2,1,21.58,38.74,60.32,0.0,0.94,R,R,2,5,0,2,62,43,22,13
103,2008,alaska,3,0,686293.0,488000.0,495731.0,326197,66.8,65.8,2,1,21.54,37.89,59.42,0.0,2.69,R,R,0,1,0,2,17,23,9,11
104,2008,arizona,10,0,6500180.0,4688000.0,2987451.0,2303838,49.1,77.1,2,1,8.48,44.91,53.39,0.0,1.69,R,D,4,4,0,2,27,33,13,17
105,2008,arkansas,6,0,2855390.0,2108000.0,1684240.0,1086617,51.5,64.5,2,1,19.85,38.86,58.72,0.0,2.42,R,D,3,1,1,0,72,28,27,8
106,2008,california,0,55,36756666.0,26993000.0,17304091.0,13583083,50.3,78.5,1,2,24.02,60.92,36.9,0.0,2.19,D,R,34,19,2,0,48,32,25,15
107,2008,colorado,0,9,4939456.0,3694000.0,2637014.0,2401462,65.0,91.1,1,2,8.95,53.66,44.71,0.0,1.63,D,D,4,3,1,1,39,26,20,15
108,2008,connecticut,0,7,3501252.0,2651000.0,2104989.0,1646793,62.1,78.2,1,2,22.37,60.59,38.22,0.0,1.19,D,R,4,1,2,0,107,44,23,13
109,2008,delaware,0,3,873092.0,648000.0,602317.0,412616,63.7,68.5,1,2,24.98,61.91,36.93,0.0,1.16,D,D,0,1,2,0,18,23,13,8
110,2008,d.c.,0,3,591833.0,469000.0,426761.0,265853,56.7,62.3,1,2,85.92,92.46,6.53,0.0,1.01,D,D,1,0,2,0,0,0,0,0
111,2008,florida,0,27,18328340.0,14069000.0,11247634.0,8412248,59.8,74.8,1,2,2.81,50.91,48.1,0.0,0.99,D,R,9,16,1,1,42,78,14,26
112,2008,georgia,15,0,9685744.0,7018000.0,5309342.0,3932158,56.0,74.1,2,1,5.2,46.9,52.1,0.0,1.0,R,R,6,7,0,2,74,106,22,34
113,2008,hawaii,0,4,1288198.0,977000.0,691356.0,453568,46.4,65.6,1,2,45.26,71.85,26.58,0.0,1.57,D,R,2,0,0,0,43,8,20,5
114,2008,idaho,4,0,1523816.0,1095000.0,863538.0,658454,60.1,76.3,2,1,25.3,35.91,61.21,0.0,2.89,R,R,0,2,0,2,19,51,7,28
115,2008,illinois,0,21,12901563.0,9521000.0,7789500.0,5530179,58.1,71.0,1,2,25.1,61.83,36.73,0.0,1.44,D,D,10,8,2,0,67,51,37,22
116,2008,illinois,0,21,12901563.0,9521000.0,7789500.0,5530179,58.1,71.0,1,2,25.1,61.83,36.73,0.0,1.44,D,D,11,8,2,0,67,51,37,22
117,2008,indiana,0,11,6376792.0,4686000.0,4514759.0,2756658,58.8,61.1,1,2,1.03,49.84,48.81,0.0,1.34,D,R,5,4,1,1,51,49,17,33
118,2008,iowa,0,7,3002555.0,2244000.0,2105531.0,1537123,68.5,73.0,1,2,9.53,53.93,44.39,0.0,1.68,D,D,3,2,1,1,54,46,30,20
119,2008,kansas,6,0,2802134.0,2037000.0,1749759.0,1238873,60.8,70.8,2,1,14.92,41.55,56.48,0.0,1.97,R,D,2,2,0,2,47,78,10,30
120,2008,kansas,6,0,2802134.0,2037000.0,1749759.0,1238873,60.8,70.8,2,1,14.92,41.55,56.48,0.0,1.97,R,D,2,2,0,2,47,78,10,30
121,2008,kentucky,8,0,4269245.0,3179000.0,2906809.0,1827587,57.5,62.9,2,1,16.22,41.15,57.37,0.0,1.49,R,D,2,4,0,2,63,37,15,22
122,2008,louisiana,9,0,4410796.0,3161000.0,2945618.0,1960761,62.0,66.6,2,1,18.63,39.93,58.56,0.0,1.5,R,R,2,5,1,1,53,50,23,16
123,2008,louisiana,9,0,4410796.0,3161000.0,2945618.0,1960761,62.0,66.6,2,1,18.63,39.93,58.56,0.0,1.5,R,R,2,3,1,1,53,50,23,16
124,2008,louisiana,9,0,4410796.0,3161000.0,2945618.0,1960761,62.0,66.6,2,1,18.63,39.93,58.56,0.0,1.5,R,R,3,4,1,1,53,50,23,16
125,2008,maine,0,4,1316456.0,1020000.0,994153.0,731163,71.7,73.5,1,2,17.32,57.71,40.38,0.0,1.91,D,D,2,0,0,1,90,59,18,17
126,2008,maryland,0,10,5633597.0,4218000.0,3428935.0,2631596,62.4,76.7,1,2,25.44,61.92,36.47,0.0,1.61,D,D,6,2,1,0,104,37,33,14
127,2008,maryland,0,10,5633597.0,4218000.0,3428935.0,2631596,62.4,76.7,1,2,25.44,61.92,36.47,0.0,1.61,D,D,5,2,1,0,104,37,33,14
128,2008,maryland,0,10,5633597.0,4218000.0,3428935.0,2631596,62.4,76.7,1,2,25.44,61.92,36.47,0.0,1.61,D,D,6,2,1,0,104,36,33,14
129,2008,massachusetts,0,12,6497967.0,4962000.0,4220488.0,3081069,62.1,73.0,1,2,25.81,61.8,35.99,0.0,2.21,E,D,10,0,2,0,141,19,35,5
130,2008,michigan,0,17,10003422.0,7487000.0,7470764.0,5010606,66.9,67.1,1,2,16.44,57.33,40.89,0.0,1.78,D,D,6,9,2,0,58,52,17,21
131,2008,minnesota,0,10,5220393.0,3898000.0,3742238.0,2910369,74.7,77.8,1,2,10.24,54.06,43.82,0.0,2.12,D,R,5,3,1,1,85,49,44,22
132,2008,minnesota,0,10,5220393.0,3898000.0,3742238.0,2910369,74.7,77.8,1,2,10.24,54.06,43.82,0.0,2.12,D,R,5,3,1,1,85,47,45,22
133,2008,mississippi,6,0,2938618.0,2109000.0,1895583.0,1289939,61.2,68.0,2,1,13.17,43.0,56.17,0.0,0.83,R,R,3,1,0,2,75,47,27,25
134,2008,mississippi,6,0,2938618.0,2109000.0,1895583.0,1289939,61.2,68.0,2,1,13.17,43.0,56.17,0.0,0.83,R,R,3,1,0,2,74,48,27,25
135,2008,missouri,11,0,5911605.0,4430000.0,3795956.0,2929111,66.1,77.2,2,1,0.13,49.23,49.36,0.0,1.41,R,R,4,5,1,0,71,92,13,21
136,2008,montana,3,0,967440.0,731000.0,668085.0,492750,67.4,73.8,2,1,2.38,47.11,49.49,0.0,3.39,R,D,0,1,2,0,49,50,26,24
137,2008,nebraska,4,1,1783432.0,1308000.0,1157345.0,801281,61.3,69.2,2,1,14.93,41.6,56.53,0.0,1.87,"R,D",R,0,3,1,1,0,0,0,0
138,2008,nevada,0,5,2600167.0,1946000.0,1207761.0,967848,49.7,80.1,1,2,12.49,55.15,42.65,0.0,2.2,D,R,1,2,1,1,27,15,10,11
139,2008,new hampshire,0,4,1315809.0,1015000.0,958528.0,710970,70.0,74.2,1,2,9.61,54.13,44.52,0.0,1.35,D,D,4,0,0,2,239,160,14,10
140,2008,new jersey,0,15,8682661.0,6489000.0,5351669.0,3877407,59.8,72.5,1,2,15.53,57.14,41.61,0.0,1.26,D,D,7,6,2,0,0,0,23,17
141,2008,new mexico,0,5,1984356.0,1473000.0,1192990.0,830158,56.4,69.6,1,2,15.13,56.91,41.78,0.0,1.31,D,D,1,2,1,1,42,28,24,18
142,2008,new york,0,31,19490297.0,14665000.0,10816500.0,7640948,52.1,70.6,1,2,26.86,62.88,36.03,0.0,1.09,D,D,23,6,2,0,106,42,29,33
143,2008,new york,0,31,19490297.0,14665000.0,10816500.0,7640948,52.1,70.6,1,2,26.86,62.88,36.03,0.0,1.09,D,D,23,6,2,0,106,42,30,32
144,2008,new york,0,31,19490297.0,14665000.0,10816500.0,7640948,52.1,70.6,1,2,26.86,62.88,36.03,0.0,1.09,D,D,23,6,2,0,106,42,30,32
145,2008,north carolina,0,15,9222414.0,6845000.0,6226204.0,4310789,63.0,69.2,1,2,0.33,49.7,49.38,0.0,0.92,R,E,7,6,0,2,68,52,31,19
146,2008,north dakota,3,0,641481.0,484000.0,6510583.846153846,317738,65.6,75.29999999999998,2,1,8.65,44.5,53.15,0.0,2.34,R,R,0,0,3,0,33,61,21,26
147,2008,ohio,0,20,11485910.0,8499000.0,8287665.0,5721831,67.3,69.0,1,2,4.58,51.38,46.8,0.0,1.82,D,D,7,11,1,1,46,53,12,21
148,2008,ohio,0,20,11485910.0,8499000.0,8287665.0,5721831,67.3,69.0,1,2,4.58,51.38,46.8,0.0,1.82,D,D,7,11,1,1,46,53,12,21
149,2008,ohio,0,20,11485910.0,8499000.0,8287665.0,5721831,67.3,69.0,1,2,4.58,51.38,46.8,0.0,1.82,D,D,7,11,1,1,46,53,12,21
150,2008,oklahoma,7,0,3642361.0,2667000.0,2184092.0,1462661,54.8,67.0,2,1,31.29,34.35,65.65,0.0,0.0,R,D,1,4,0,2,44,57,24,24
151,2008,oklahoma,7,0,3642361.0,2667000.0,2184092.0,1462661,54.8,67.0,2,1,31.29,34.35,65.65,0.0,0.0,R,D,1,4,0,2,44,57,24,24
152,2008,oregon,0,7,3790060.0,2904000.0,2153914.0,1827864,62.9,84.9,1,2,16.35,56.75,40.4,0.0,2.85,D,D,4,1,1,1,31,29,19,11
153,2008,oregon,0,7,3790060.0,2904000.0,2153914.0,1827864,62.9,84.9,1,2,16.35,56.75,40.4,0.0,2.85,D,D,4,1,1,1,31,29,19,11
154,2008,pennsylvania,0,21,12448279.0,9449000.0,8755588.0,6015476,63.7,68.7,1,2,10.31,54.47,44.15,0.0,1.38,D,D,11,8,1,1,102,101,21,29
155,2008,pennsylvania,0,21,12448279.0,9449000.0,8755588.0,6015476,63.7,68.7,1,2,10.31,54.47,44.15,0.0,1.38,D,D,11,8,1,1,102,101,21,29
156,2008,rhode island,0,4,1050788.0,804000.0,701307.0,471766,58.7,67.3,1,2,27.81,62.86,35.06,0.0,2.08,D,R,2,0,2,0,60,15,33,5
157,2008,south carolina,8,0,4479800.0,3313000.0,2580175.0,1920969,58.0,74.5,2,1,8.98,44.9,53.87,0.0,1.23,R,R,2,4,0,2,51,73,19,27
158,2008,south dakota,3,0,804194.0,590000.0,530462.0,381975,64.7,72.0,2,1,8.41,44.75,53.16,0.0,2.09,R,R,1,0,1,1,20,50,15,20
159,2008,tennessee,11,0,6214888.0,4692000.0,3621633.0,2601982,55.5,71.8,2,1,15.06,41.79,56.85,0.0,1.36,R,D,5,4,0,2,53,46,16,16
160,2008,texas,34,0,24326974.0,17295000.0,11677018.0,8087791,46.8,69.3,2,1,11.75,43.63,55.38,0.0,0.99,R,R,13,19,0,2,71,77,11,20
161,2008,utah,5,0,2736424.0,1859000.0,1432525.0,958996,51.6,66.9,2,1,27.98,34.17,62.15,0.0,3.68,R,R,1,2,0,2,20,55,8,21
162,2008,vermont,0,3,621270.0,487000.0,454466.0,325046,66.7,71.5,1,2,37.01,67.46,30.45,0.0,2.1,D,R,1,0,1,0,93,49,23,7
163,2008,virginia,0,13,7769089.0,5720000.0,4912971.0,3723260,65.1,75.8,1,2,6.3,52.63,46.33,0.0,1.04,D,D,3,8,1,1,44,54,21,19
164,2008,washington,0,11,6549224.0,4912000.0,3630118.0,3053261,62.2,84.1,1,2,17.08,57.34,40.26,0.0,2.4,D,D,6,3,2,0,63,35,32,17
165,2008,west virginia,5,0,1814468.0,1395000.0,1212117.0,715123,51.3,59.0,2,1,13.09,42.49,55.58,0.0,1.93,R,D,0,0,2,0,0,0,0,0
166,2008,wisconsin,0,10,5627967.0,4212000.0,3678054.5,2983417,70.8,82.2,1,2,13.9,56.22,42.31,0.0,1.47,D,D,5,3,2,0,47,52,18,15
167,2008,wyoming,3,0,532668.0,397000.0,244818.0,254658,64.1,104.0,2,1,32.24,32.54,64.78,0.0,2.68,R,D,0,1,0,2,17,43,7,23
168,2004,alabama,9,0,4530182.0,3393000.0,2597629.0,1883449,55.5,72.5,2,1,25.62,36.84,62.46,0.0,0.7,R,R,2,5,0,2,63,42,25,10
169,2004,alabama,9,0,4530182.0,3393000.0,2597629.0,1883449,55.5,72.5,2,1,25.62,36.84,62.46,0.0,0.7,R,R,2,5,0,2,63,42,25,10
170,2004,alaska,3,0,655435.0,460000.0,472160.0,312598,68.0,66.2,2,1,25.55,35.52,61.07,0.0,3.42,R,R,0,1,0,2,13,27,8,12
171,2004,arizona,10,0,5743834.0,4061000.0,2643331.0,2016102,49.6,76.3,2,1,10.45,44.32,54.77,0.0,0.91,R,D,2,6,0,2,21,39,13,17
172,2004,arkansas,6,0,2752629.0,2044000.0,1684684.0,1054945,51.6,62.6,2,1,9.76,44.55,54.31,0.0,1.15,R,R,3,1,2,0,70,30,27,8
173,2004,california,0,55,35893799.0,26064000.0,16557273.0,12421859,47.7,75.0,1,2,9.95,54.3,44.36,0.0,1.34,D,R,33,20,2,0,48,32,25,15
174,2004,colorado,9,0,4601403.0,3398000.0,2404597.0,2130325,62.7,88.6,2,1,4.67,47.02,51.69,0.0,1.28,R,R,2,5,0,2,28,37,17,18
175,2004,connecticut,0,7,3503604.0,2648000.0,2044181.0,1578769,59.6,77.2,1,2,10.37,54.31,43.95,0.0,1.74,D,R,2,3,2,0,94,57,21,15
176,2004,connecticut,0,7,3503604.0,2648000.0,2044181.0,1578769,59.6,77.2,1,2,10.37,54.31,43.95,0.0,1.74,D,R,2,3,2,0,94,57,21,15
177,2004,delaware,0,3,830364.0,619000.0,554194.0,375270,60.6,67.7,1,2,7.59,53.34,45.74,0.0,0.92,D,D,0,1,2,0,12,29,13,8
178,2004,d.c.,0,3,553523.0,455000.0,383919.0,227586,50.0,59.3,1,2,79.84,89.18,9.34,0.0,1.48,D,D,1,0,2,0,0,0,0,0
179,2004,d.c.,0,3,553523.0,455000.0,383919.0,227586,50.0,59.3,1,2,79.84,89.18,9.34,0.0,1.48,D,D,1,0,2,0,0,0,0,0
180,2004,florida,27,0,17397161.0,13095000.0,10301290.0,7609810,58.1,73.9,2,1,5.01,47.09,52.1,0.0,0.81,R,R,7,18,2,0,39,81,14,26
181,2004,georgia,15,0,8829383.0,6388000.0,4158508.0,3304481,51.7,79.5,2,1,16.59,41.34,57.93,0.0,0.73,R,R,5,8,1,1,107,72,26,30
182,2004,hawaii,0,4,1262840.0,960000.0,647238.0,429013,44.7,66.3,1,2,8.74,54.01,45.26,0.0,0.73,D,R,2,0,1,0,36,15,20,5
183,2004,idaho,4,0,1393262.0,994000.0,798015.0,598447,60.2,75.0,2,1,38.12,30.26,68.38,0.0,1.36,R,R,0,2,0,2,16,54,7,28
184,2004,illinois,0,21,12713634.0,9423000.0,7499488.0,5274322,56.0,70.3,1,2,10.34,54.82,44.48,0.0,0.7,D,D,9,10,1,1,66,52,32,26
185,2004,indiana,11,0,6237569.0,4592000.0,4296602.0,2468002,53.7,57.4,2,1,20.68,39.26,59.94,0.0,0.79,R,D,3,6,1,1,51,49,18,32
186,2004,iowa,7,0,2954451.0,2251000.0,1986006.0,1506908,66.9,75.9,2,1,0.67,49.23,49.9,0.0,0.87,R,D,1,4,1,1,46,54,21,29
187,2004,kansas,6,0,2735502.0,2028000.0,1694365.0,1187756,58.6,70.1,2,1,25.38,36.62,62.0,0.0,1.37,R,D,1,3,0,2,45,80,10,30
188,2004,kentucky,8,0,4145922.0,3124000.0,2794286.0,1796079,57.5,64.3,2,1,19.86,39.68,59.54,0.0,0.77,R,R,2,4,0,2,65,35,17,21
189,2004,louisiana,9,0,4515770.0,3319000.0,2923395.0,1943106,58.5,66.5,2,1,14.51,42.22,56.72,0.0,1.06,R,D,3,4,2,0,66,37,24,15
190,2004,louisiana,9,0,4515770.0,3319000.0,2923395.0,1943106,58.5,66.5,2,1,14.51,42.22,56.72,0.0,1.06,R,D,2,5,2,0,66,37,24,15
191,2004,maine,0,4,1317253.0,1019000.0,1023956.0,740752,72.7,72.3,1,2,9.0,53.57,44.58,0.0,1.85,D,D,2,0,0,2,80,67,18,17
192,2004,maryland,0,10,5558058.0,4131000.0,3070099.0,2386678,57.8,77.7,1,2,12.98,55.91,42.93,0.0,1.15,D,R,6,2,1,0,98,43,33,14
193,2004,massachusetts,0,12,6416505.0,4946000.0,4098634.0,2912388,58.9,71.1,1,2,25.16,61.94,36.78,0.0,1.29,E,R,10,0,2,0,135,23,34,6
194,2004,michigan,0,17,10112620.0,7541000.0,7164047.0,4839252,64.2,67.5,1,2,3.42,51.23,47.81,0.0,0.96,D,D,6,9,2,0,48,62,16,22
195,2004,minnesota,0,9,5100958.0,3811000.0,3559400.0,2828387,74.2,79.5,1,2,3.48,51.09,47.61,0.0,1.3,D,R,4,4,2,1,53,81,35,31
196,2004,mississippi,6,0,2902966.0,2120000.0,1802024.0,1152365,54.4,63.9,2,1,19.69,39.75,59.44,0.0,0.81,R,R,2,2,0,2,76,46,29,23
197,2004,missouri,11,0,5754618.0,4297000.0,4194146.0,2731364,63.6,65.1,2,1,7.2,46.1,53.3,0.0,0.6,R,D,4,5,0,1,73,90,14,20
198,2004,montana,3,0,926865.0,702000.0,638474.0,450445,64.2,70.6,2,1,20.5,38.56,59.07,0.0,2.37,R,R,0,1,1,1,47,53,21,29
199,2004,nebraska,5,0,1747214.0,1298000.0,1160193.0,778186,60.0,67.1,2,1,33.22,32.68,65.9,0.0,1.42,R,R,0,3,1,1,0,0,0,0
200,2004,nevada,5,0,2334771.0,1660000.0,1071101.0,829587,50.0,77.5,2,1,2.59,47.88,50.47,0.0,1.65,R,R,1,2,1,1,23,19,8,13
201,2004,new hampshire,0,4,1299500.0,981000.0,855861.0,677738,69.1,79.2,1,2,1.37,50.24,48.87,0.0,0.88,D,R,0,4,0,2,122,278,6,18
202,2004,new jersey,0,15,8698879.0,6507000.0,5005959.0,3612137,55.5,72.2,1,2,6.68,52.92,46.23,0.0,0.85,D,D,7,6,2,0,0,0,22,18
203,2004,new jersey,0,15,8698879.0,6507000.0,5005959.0,3612137,55.5,72.2,1,2,6.68,52.92,46.23,0.0,0.85,D,D,7,6,2,0,0,0,22,18
204,2004,new mexico,5,0,1903289.0,1373000.0,1105372.0,756304,55.1,68.4,2,1,0.79,49.05,49.84,0.0,1.11,R,D,1,2,1,1,43,27,24,18
205,2004,new york,0,31,19227088.0,14657000.0,11837068.0,7391954,50.4,62.4,1,2,18.29,58.36,40.08,0.0,1.56,D,R,19,10,2,0,102,48,25,37
206,2004,north carolina,15,0,8541221.0,6320000.0,5472854.0,3501007,55.4,64.0,2,1,12.43,43.58,56.02,0.0,0.4,R,E,6,7,1,1,60,60,28,22
207,2004,north dakota,3,0,634366.0,487000.0,6510583.846153846,312833,64.2,75.29999999999998,2,1,27.36,35.5,62.86,0.0,1.64,R,R,0,0,3,0,28,66,16,31
208,2004,ohio,20,0,11459011.0,8621000.0,7972826.0,5627908,65.3,70.6,2,1,2.11,48.71,50.81,0.0,0.48,R,R,6,12,0,2,37,62,11,22
209,2004,oklahoma,7,0,3523553.0,2633000.0,2143978.0,1463758,55.6,68.3,2,1,31.14,34.43,65.57,0.0,0.0,R,D,1,4,0,2,53,48,28,20
210,2004,oregon,0,7,3594586.0,2710000.0,2141249.0,1836782,67.8,85.8,1,2,4.16,51.35,47.19,0.0,1.46,D,D,4,1,1,1,25,35,15,15
211,2004,pennsylvania,0,21,12406292.0,9535000.0,8366663.0,5769590,60.5,69.0,1,2,2.5,50.92,48.42,0.0,0.65,D,D,7,12,0,2,109,94,21,29
212,2004,pennsylvania,0,21,12406292.0,9535000.0,8366663.0,5769590,60.5,69.0,1,2,2.5,50.92,48.42,0.0,0.65,D,D,7,12,0,2,109,94,21,29
213,2004,rhode island,0,4,1080632.0,832000.0,709050.0,437134,52.5,61.7,1,2,20.75,59.42,38.67,0.0,1.91,D,R,2,0,1,1,63,11,32,6
214,2004,south carolina,8,0,4198068.0,3124000.0,2315462.0,1617730,51.8,69.9,2,1,17.08,40.9,57.98,0.0,1.12,R,R,2,4,1,1,51,73,20,26
215,2004,south dakota,3,0,770883.0,569000.0,502261.0,388215,68.2,77.3,2,1,21.47,38.44,59.91,0.0,1.65,R,R,1,0,2,0,21,49,9,26
216,2004,tennessee,11,0,5900962.0,4447000.0,3336478.0,2434949,54.8,73.0,2,1,14.3,42.51,56.81,0.0,0.68,R,D,5,4,0,2,54,45,18,15
217,2004,texas,34,0,22490022.0,15878000.0,11000678.0,7410765,46.7,67.4,2,1,22.86,38.22,61.09,0.0,0.69,R,R,17,15,0,2,62,88,12,19
218,2004,utah,5,0,2389039.0,1609000.0,1278251.0,927844,57.7,72.6,2,1,45.54,26.0,71.54,0.0,2.47,R,R,1,2,0,2,19,56,7,22
219,2004,vermont,0,3,621394.0,482000.0,444508.0,312309,64.8,70.3,1,2,20.14,58.94,38.8,0.0,2.26,D,R,0,0,1,0,70,73,19,11
220,2004,virginia,13,0,7459827.0,5588000.0,4181609.0,3198367,57.2,76.5,2,1,8.2,45.48,53.68,0.0,0.83,R,D,3,8,0,2,37,61,16,24
221,2004,washington,0,11,6203788.0,4635000.0,3508208.0,2861713,61.7,81.6,1,2,7.17,52.77,45.6,0.0,1.63,D,D,6,3,2,0,52,46,24,25
222,2004,west virginia,5,0,1815354.0,1419000.0,1168694.0,755887,53.3,64.7,2,1,12.86,43.2,56.06,0.0,0.74,R,D,0,0,2,0,0,0,0,0
223,2004,wisconsin,0,10,5509026.0,4139000.0,3678054.5,2997007,72.4,82.2,1,2,0.38,49.7,49.32,0.0,0.98,D,D,4,4,2,0,41,58,15,18
224,2004,wyoming,3,0,506529.0,380000.0,232396.0,243428,64.1,104.7,2,1,39.79,29.07,68.86,0.0,2.06,R,D,0,1,0,2,15,45,10,20
225,2000,alabama,9,0,4447100.0,3324488.0,2528963.0,1672551,50.3,66.1,2,1,14.88,41.59,56.47,1.1,0.85,R,D,2,5,0,2,69,36,24,11
226,2000,alaska,3,0,626932.0,436425.0,473648.0,285560,65.4,60.3,2,1,30.95,27.67,58.62,10.07,3.65,R,D,0,1,0,2,14,26,5,15
227,2000,arizona,8,0,5130632.0,3767931.0,2173122.0,1534113,40.7,70.6,2,1,6.28,44.67,50.95,2.98,1.4,R,R,1,5,0,2,20,40,14,16
228,2000,arkansas,6,0,2673400.0,1993342.0,1555809.0,921781,46.2,59.2,2,1,5.44,45.86,51.31,1.46,1.37,R,R,2,2,1,1,76,24,30,5
229,2000,california,0,54,33871648.0,24650185.0,15707307.0,10965856,44.5,69.8,1,2,11.8,53.45,41.65,3.82,1.08,D,D,27,25,2,0,47,32,25,15
230,2000,california,0,54,33871648.0,24650185.0,15707307.0,10965856,44.5,69.8,1,2,11.8,53.45,41.65,3.82,1.08,D,D,28,24,2,0,47,32,25,15
231,2000,colorado,8,0,4301261.0,3204471.0,2641990.0,1741365,54.3,65.9,2,1,8.36,42.39,50.75,5.25,1.61,R,R,2,4,0,2,26,39,14,21
232,2000,connecticut,0,8,3405565.0,2565991.0,1901203.0,1459525,56.9,76.8,1,2,17.47,55.91,38.44,4.42,1.23,D,R,4,2,2,0,96,55,19,17
233,2000,delaware,0,3,783600.0,589638.0,503614.0,327622,55.6,65.1,1,2,13.06,54.96,41.9,2.54,0.6,D,D,0,1,1,1,15,26,13,8
234,2000,d.c.,0,2,572059.0,457727.0,354410.0,201894,44.1,57.0,1,2,76.2,85.16,8.95,5.24,0.65,D,D,1,0,2,0,0,0,0,0
235,2000,florida,25,0,15982378.0,12347806.0,8752717.0,5963110,48.3,68.1,2,1,0.01,48.84,48.85,1.63,0.68,R,R,8,15,1,1,47,73,17,23
236,2000,georgia,13,0,8186453.0,6020679.0,3856676.0,2596804,43.1,67.3,2,1,11.69,42.98,54.67,0.52,1.83,R,D,3,8,1,1,102,78,34,22
237,2000,georgia,13,0,8186453.0,6020679.0,3856676.0,2596804,43.1,67.3,2,1,11.69,42.98,54.67,0.52,1.83,R,D,3,8,2,0,102,78,34,22
238,2000,hawaii,0,4,1211537.0,917065.0,637349.0,367951,40.1,57.7,1,2,18.33,55.79,37.46,5.88,0.87,D,D,2,0,0,0,39,12,23,2
239,2000,idaho,4,0,1293953.0,925822.0,728085.0,501621,54.2,68.9,2,1,39.53,27.64,67.17,2.45,2.74,R,R,0,2,0,2,12,58,4,31
240,2000,illinois,0,22,12419293.0,9180064.0,7129026.0,4742123,51.7,66.5,1,2,12.01,54.6,42.58,2.19,0.63,D,R,10,10,1,1,62,56,27,32
241,2000,indiana,12,0,6080485.0,4507679.0,3994910.0,2199302,48.8,55.1,2,1,15.63,41.01,56.65,0.84,1.5,R,D,4,6,1,1,53,47,19,31
242,2000,iowa,0,7,2926324.0,2193990.0,1841346.0,1315563,60.0,71.4,1,2,0.31,48.54,48.22,2.23,1.01,D,D,1,4,1,1,44,56,20,30
243,2000,kansas,6,0,2688418.0,1977198.0,1623623.0,1072216,54.2,66.0,2,1,20.8,37.24,58.04,3.37,1.35,R,R,1,3,0,2,48,77,13,27
244,2000,kentucky,8,0,4041769.0,3047928.0,2556815.0,1544187,50.7,60.4,2,1,15.13,41.37,56.5,1.5,0.62,R,D,1,5,0,2,66,34,18,20
245,2000,louisiana,9,0,4468976.0,3250523.0,2796551.0,1765656,54.3,63.1,2,1,7.68,44.88,52.55,1.16,1.41,R,R,2,5,2,0,74,31,26,13
246,2000,louisiana,9,0,4468976.0,3250523.0,2796551.0,1765656,54.3,63.1,2,1,7.68,44.88,52.55,1.16,1.41,R,R,2,5,2,0,74,31,26,13
247,2000,maine,0,4,1274923.0,973945.0,947189.0,651817,66.9,68.8,1,2,5.11,49.09,43.97,5.7,1.25,D,I,2,0,0,0,79,71,20,14
248,2000,maryland,0,10,5296486.0,3943067.0,2719636.0,2025480,51.4,74.5,1,2,16.39,56.57,40.18,2.65,0.6,D,D,4,4,1,0,106,35,33,14
249,2000,massachusetts,0,12,6349097.0,4853130.0,4008627.0,2702984,55.7,67.4,1,2,27.3,59.8,32.5,6.42,1.27,E,R,10,0,2,0,131,28,33,7
250,2000,michigan,0,18,9938444.0,7345849.0,6859332.0,4232711,57.6,61.7,1,2,5.13,51.28,46.14,1.99,0.59,D,R,10,6,1,1,52,58,15,23
251,2000,minnesota,0,10,4919479.0,3632940.0,3265324.0,2438685,67.1,74.7,1,2,2.4,47.91,45.5,5.2,1.4,D,Jesse Ventura (Ref/I),6,2,1,1,63,70,41,25
252,2000,mississippi,7,0,2844658.0,2070254.0,1739858.0,994926,48.1,57.2,2,1,16.91,40.7,57.62,0.82,0.86,R,D,3,2,0,2,86,33,34,18
253,2000,missouri,11,0,5595211.0,4169109.0,3860672.0,2359892,56.6,61.1,2,1,3.34,47.08,50.42,1.63,0.86,R,D,5,4,0,1,85,78,18,16
254,2000,missouri,11,0,5595211.0,4169109.0,3860672.0,2359892,56.6,61.1,2,1,3.34,47.08,50.42,1.63,0.86,R,D,5,4,0,1,85,78,18,16
255,2000,montana,3,0,902195.0,672251.0,698260.0,410997,61.1,58.9,2,1,25.07,33.36,58.44,5.95,2.25,R,R,0,1,1,1,41,59,18,32
256,2000,nebraska,5,0,1711263.0,1261648.0,1085217.0,697019,55.2,64.2,2,1,28.99,33.25,62.25,3.52,0.98,R,R,0,3,1,1,0,0,0,0
257,2000,nevada,4,0,1998257.0,1488526.0,874304.0,608970,40.9,69.7,2,1,3.55,45.98,49.52,2.46,2.04,R,R,1,1,2,0,28,14,9,12
258,2000,new hampshire,4,0,1235786.0,926885.0,854694.0,569081,61.4,66.6,2,1,1.27,46.8,48.07,3.9,1.23,R,D,0,4,0,2,155,245,12,12
259,2000,new jersey,0,15,8414350.0,6332876.0,4710768.0,3187226,50.3,67.7,1,2,15.83,56.13,40.29,2.97,0.62,D,R,7,6,2,0,0,0,16,24
260,2000,new mexico,0,5,1819046.0,1311478.0,973533.0,598605,45.6,61.5,1,2,0.06,47.91,47.85,3.55,0.69,D,R,1,2,1,1,40,30,25,17
261,2000,new york,0,33,18976457.0,14302266.0,11262816.0,6831178,47.8,60.7,1,2,25.0,60.22,35.22,3.58,0.99,D,R,19,12,2,0,98,52,26,35
262,2000,north carolina,14,0,8049313.0,6087996.0,5122123.0,2911262,47.8,56.8,2,1,12.83,43.2,56.03,0.0,0.77,R,E,5,7,1,1,66,54,35,15
263,2000,north dakota,3,0,642200.0,481301.0,6510583.846153846,288267,59.9,75.29999999999998,2,1,27.6,33.05,60.66,3.29,3.0,R,R,0,0,3,0,34,64,18,31
264,2000,ohio,21,0,11353140.0,8467999.0,7535186.0,4705457,55.6,62.4,2,1,3.51,46.46,49.97,2.5,1.07,R,R,8,11,0,2,40,59,12,21
265,2000,oklahoma,8,0,3450654.0,2560390.0,2233602.0,1234229,48.2,55.3,2,1,21.88,38.43,60.31,0.0,1.27,R,R,0,6,0,2,61,40,33,15
266,2000,oregon,0,7,3421399.0,2577129.0,1954006.0,1533968,59.5,78.5,1,2,0.44,46.96,46.52,5.04,1.48,D,D,4,1,1,1,25,34,13,17
267,2000,pennsylvania,0,23,12281054.0,9362066.0,7781997.0,4913119,52.5,63.1,1,2,4.17,50.6,46.43,2.1,0.87,D,R,11,10,0,2,100,103,20,30
268,2000,rhode island,0,4,1048319.0,800810.0,671612.0,409112,51.1,60.9,1,2,29.08,60.99,31.91,6.12,0.98,D,R,2,0,1,1,86,13,42,8
269,2000,south carolina,8,0,4012012.0,3002919.0,2266199.0,1383777,46.1,61.1,2,1,15.93,40.91,56.83,1.47,0.8,R,D,2,4,1,1,57,67,25,21
270,2000,south dakota,3,0,754844.0,552118.0,471152.0,316269,57.3,67.1,2,1,22.73,37.56,60.3,0.0,2.14,R,R,0,1,2,0,18,52,13,22
271,2000,tennessee,11,0,5689283.0,4292047.0,3181108.0,2076181,48.4,65.3,2,1,3.86,47.28,51.15,0.95,0.61,R,R,4,5,0,2,59,40,18,15
272,2000,texas,32,0,20851820.0,14977837.0,10267639.0,6407637,42.8,62.4,2,1,21.32,37.98,59.3,2.15,0.57,R,R,17,13,0,2,78,72,15,16
273,2000,texas,32,0,20851820.0,14977837.0,10267639.0,6407637,42.8,62.4,2,1,21.32,37.98,59.3,2.15,0.57,R,R,17,13,0,2,78,72,15,16
274,2000,utah,5,0,2233169.0,1516338.0,1123238.0,770754,50.8,68.6,2,1,40.49,26.34,66.83,4.65,2.17,R,R,0,3,0,2,21,54,11,18
275,2000,vermont,0,3,608827.0,461248.0,427354.0,294308,63.8,68.9,1,2,9.94,50.63,40.7,6.92,1.75,D,D,0,0,1,1,77,66,17,13
276,2000,virginia,13,0,7078515.0,5342691.0,3770872.0,2739447,51.3,72.6,2,1,8.04,44.44,52.47,2.17,0.92,R,R,6,5,1,1,47,52,19,21
277,2000,washington,0,11,5894121.0,4384341.0,3335714.0,2488745,56.8,74.6,1,2,5.58,50.13,44.56,4.14,1.17,D,D,5,4,1,1,49,49,27,23
278,2000,west virginia,5,0,1808344.0,1406569.0,1066349.0,648124,46.1,60.8,2,1,6.32,45.59,51.92,1.65,0.84,R,R,0,0,2,0,0,0,0,0
279,2000,wisconsin,0,11,5363675.0,3996289.0,3678054.5,2598607,65.0,82.2,1,2,0.22,47.83,47.61,3.62,0.93,D,R,5,4,2,0,44,55,17,16
280,2000,wyoming,3,0,493782.0,365685.0,220012.0,218351,59.7,99.2,2,1,40.06,27.7,67.76,2.12,2.43,R,R,0,1,0,2,17,43,9,21
281,1996,alabama,9,0,4331102.0,3220000.0,2470766.0,1534349,47.7,62.1,2,1,6.97,43.16,50.12,6.01,0.72,R,R,4,3,1,1,73,32,23,12
282,1996,alaska,3,0,608569.0,425000.0,414815.0,241620,56.9,58.2,2,1,17.53,33.27,50.8,10.9,5.03,R,D,0,1,0,2,17,22,7,12
283,1996,arizona,0,8,4586940.0,3145000.0,2244672.0,1404405,44.7,62.6,1,2,2.22,46.52,44.29,7.98,1.21,D,R,1,5,0,2,22,38,11,19
284,1996,arkansas,0,6,2572109.0,1873000.0,1369459.0,884262,47.2,64.6,1,2,16.94,53.74,36.8,7.9,1.56,D,D,2,2,0,0,88,12,30,5
285,1996,arkansas,0,6,2572109.0,1873000.0,1369459.0,884262,47.2,64.6,1,2,16.94,53.74,36.8,7.9,1.56,D,R,2,2,0,0,88,12,30,5
286,1996,california,0,54,32018834.0,22826000.0,15662075.0,10019484,43.9,64.0,1,2,12.89,51.1,38.21,6.96,3.73,D,R,26,26,2,0,39,41,21,17
287,1996,colorado,8,0,3919972.0,2862000.0,2284822.0,1510704,52.8,66.1,2,1,1.37,44.43,45.8,6.59,3.18,R,D,2,4,0,2,24,41,16,19
288,1996,connecticut,0,8,3336685.0,2479000.0,1881323.0,1392614,56.2,74.0,1,2,18.14,52.83,34.69,10.02,2.46,D,R,3,3,2,0,91,60,17,19
289,1996,delaware,0,3,740977.0,548000.0,419695.0,271084,49.5,64.6,1,2,15.23,51.78,36.54,10.59,1.09,D,D,0,1,1,1,14,27,12,9
290,1996,d.c.,0,3,572377.0,422000.0,361419.0,185726,44.0,51.4,1,2,75.85,85.19,9.34,1.94,3.53,D,D,1,0,2,0,0,0,0,0
291,1996,florida,0,25,14853360.0,11043000.0,8077877.0,5303794,48.0,65.7,1,2,5.7,48.02,42.32,9.12,0.54,D,D,8,15,1,1,63,57,18,22
292,1996,georgia,13,0,7501069.0,5418000.0,3810028.0,2299071,42.4,60.3,2,1,1.17,45.84,47.01,6.37,0.78,R,D,3,8,1,1,114,66,36,20
293,1996,hawaii,0,4,1203755.0,890000.0,544916.0,360120,40.5,66.1,1,2,25.29,56.93,31.64,7.6,3.83,D,D,2,0,0,0,44,7,23,2
294,1996,idaho,4,0,1203083.0,858000.0,700430.0,491719,57.3,70.2,2,1,18.54,33.65,52.18,12.71,1.46,R,R,0,2,0,2,13,57,8,27
295,1996,illinois,0,22,12101997.0,8754000.0,6663301.0,4311391,49.3,64.7,1,2,17.51,54.32,36.81,8.03,0.84,D,R,10,10,2,0,54,64,26,33
296,1996,indiana,12,0,5906013.0,4374000.0,3488088.0,2135842,48.8,61.2,2,1,5.58,41.55,47.13,10.5,0.82,R,D,4,6,0,2,44,56,20,30
297,1996,iowa,0,7,2880000.0,2138000.0,1757484.0,1234075,57.7,70.2,1,2,10.34,50.26,39.92,8.52,1.3,D,R,0,5,1,1,36,64,27,23
298,1996,kansas,6,0,2614554.0,1897000.0,1439999.0,1074300,56.6,74.6,2,1,18.21,36.08,54.29,8.62,1.0,R,R,0,4,0,2,45,80,14,26
299,1996,kansas,6,0,2614554.0,1897000.0,1439999.0,1074300,56.6,74.6,2,1,18.21,36.08,54.29,8.62,1.0,R,R,0,4,0,2,45,80,14,26
300,1996,kansas,6,0,2614554.0,1897000.0,1439999.0,1074300,56.6,74.6,2,1,18.21,36.08,54.29,8.62,1.0,R,R,0,4,0,2,45,80,14,26
301,1996,kentucky,0,8,3919535.0,2928000.0,2391190.0,1388708,47.4,58.1,1,2,0.96,45.84,44.88,8.67,0.61,D,D,2,4,1,1,64,36,21,17
302,1996,louisiana,0,9,4398877.0,3131000.0,2559352.0,1783959,57.0,69.7,1,2,12.07,52.01,39.94,6.91,1.13,D,R,2,5,2,0,78,27,26,13
303,1996,maine,0,4,1249060.0,945000.0,1001292.0,605897,64.1,60.5,1,2,20.86,51.62,30.76,14.19,3.43,D,I,1,1,0,0,77,74,16,18
304,1996,maryland,0,10,5111986.0,3820000.0,2577200.0,1780870,46.6,69.1,1,2,15.99,54.25,38.27,6.5,0.97,D,D,4,4,0,0,100,41,32,15
305,1996,massachusetts,0,12,6179756.0,4649000.0,3462632.0,2556785,55.0,73.8,1,2,33.39,61.47,28.09,8.89,1.55,E,R,8,2,2,0,125,34,30,10
306,1996,minnesota,0,10,4712827.0,3412001.0,3067802.0,2192640,64.3,71.5,1,2,16.14,51.1,34.96,11.75,2.19,D,Arne Carlson (IR/R),6,2,1,1,69,0,42,25
307,1996,mississippi,7,0,2748085.0,1967000.0,1715913.0,893857,45.4,52.1,2,1,5.13,44.08,49.21,5.84,0.87,R,R,3,2,0,2,86,33,34,18
308,1996,mississippi,7,0,2748085.0,1967000.0,1715913.0,893857,45.4,52.1,2,1,5.13,44.08,49.21,5.84,0.87,R,R,3,2,0,2,86,33,34,18
309,1996,missouri,0,11,5431553.0,3995000.0,3342849.0,2158065,54.0,64.6,1,2,6.3,47.54,41.24,10.06,1.16,D,D,6,3,0,2,87,76,19,15
310,1996,montana,3,0,886254.0,656000.0,590751.0,407261,62.1,68.9,2,1,2.88,41.23,44.11,13.56,1.09,R,R,1,0,1,1,33,67,19,31
311,1996,nebraska,5,0,1673740.0,1211000.0,1015056.0,677415,55.9,66.7,2,1,18.7,34.95,53.65,10.52,0.87,R,D,0,3,2,0,0,0,0,0
312,1996,nevada,0,4,1666320.0,1212000.0,778092.0,464279,38.3,59.7,1,2,1.02,43.93,42.91,9.47,3.68,D,D,0,2,2,0,21,21,8,13
313,1996,new hampshire,0,4,1174719.0,871000.0,754778.0,499175,57.3,66.1,1,2,9.95,49.32,39.37,9.69,1.61,D,R,0,4,0,2,110,290,6,18
314,1996,new jersey,0,15,8149596.0,6034000.0,4320866.0,3075807,51.0,71.2,1,2,17.86,53.72,35.86,8.52,1.89,D,R,5,8,2,0,0,0,16,24
315,1996,new mexico,0,5,1752326.0,1224000.0,837794.0,556074,45.4,66.4,1,2,7.33,49.18,41.86,5.8,3.16,D,R,1,2,1,1,46,24,27,15
316,1996,new york,0,33,18588460.0,13564000.0,10162156.0,6316129,46.6,62.2,1,2,28.86,59.47,30.61,7.97,1.95,D,R,17,14,1,1,95,55,25,36
317,1996,north carolina,14,0,7500670.0,5519000.0,4318008.0,2515807,45.6,58.3,2,1,4.69,44.04,48.73,6.68,0.55,R,E,4,8,0,2,52,68,26,24
318,1996,north dakota,3,0,650382.0,476000.0,6510583.846153846,266411,56.0,75.29999999999998,2,1,6.81,40.13,46.94,12.2,0.73,R,R,0,0,3,0,23,75,20,29
319,1996,ohio,0,21,11242827.0,8347000.0,6837421.0,4534434,54.3,66.3,1,2,6.36,47.38,41.02,10.66,0.95,D,R,6,13,1,1,43,56,13,20
320,1996,oklahoma,8,0,3340129.0,2426000.0,1977677.0,1206713,49.7,61.0,2,1,7.81,40.45,48.26,10.84,0.46,R,R,1,5,0,2,65,36,35,13
321,1996,oregon,0,7,3247111.0,2411000.0,1962155.0,1377760,57.1,70.2,1,2,8.09,47.15,39.06,8.8,4.99,D,D,3,2,0,2,27,33,11,19
322,1996,oregon,0,7,3247111.0,2411000.0,1962155.0,1377760,57.1,70.2,1,2,8.09,47.15,39.06,8.8,4.99,D,D,3,2,1,1,27,33,11,19
323,1996,pennsylvania,0,23,12220464.0,9197000.0,6805612.0,4506118,49.0,66.2,1,2,9.2,49.17,39.97,9.56,1.29,D,R,11,10,0,2,101,102,21,29
324,1996,rhode island,0,4,1020893.0,751000.0,602692.0,390284,52.0,64.8,1,2,32.89,59.71,26.82,11.2,2.26,D,R,2,0,1,1,84,16,40,10
325,1996,south carolina,8,0,3796200.0,2771000.0,1814777.0,1149457,41.5,63.3,2,1,6.04,43.85,49.89,5.6,0.66,R,R,2,4,1,1,54,70,26,20
326,1996,south dakota,3,0,742213.0,535000.0,459971.0,323826,60.5,70.4,2,1,3.46,43.03,46.49,9.65,0.83,R,R,1,0,1,1,24,45,16,19
327,1996,tennessee,0,11,5416643.0,4035000.0,3055962.0,1894105,46.9,62.0,1,2,2.41,48.0,45.59,5.59,0.82,D,R,4,5,0,2,59,40,16,17
328,1996,texas,32,0,19340342.0,13597000.0,9551191.0,5611644,41.3,58.8,2,1,4.93,43.83,48.76,6.75,0.66,R,R,18,12,0,2,87,63,17,14
329,1996,utah,5,0,2067976.0,1333000.0,1050452.0,665629,49.9,63.4,2,1,21.07,33.3,54.37,9.98,2.35,R,R,1,2,0,2,20,55,10,19
330,1996,vermont,0,3,593701.0,445000.0,385328.0,258449,58.1,67.1,1,2,22.26,53.35,31.09,12.0,3.55,D,D,0,0,1,1,86,61,12,18
331,1996,virginia,13,0,6750884.0,5083000.0,3322135.0,2416642,47.5,72.7,2,1,1.96,45.15,47.1,6.62,1.13,R,R,6,5,1,1,52,47,20,20
332,1996,washington,0,11,5569753.0,4115000.0,3078208.0,2253837,54.8,73.2,1,2,12.54,49.84,37.3,8.92,3.94,D,D,2,7,1,1,36,62,25,24
333,1996,wyoming,3,0,488167.0,356000.0,240711.0,211571,59.4,87.9,2,1,12.98,36.84,49.81,12.25,1.1,R,R,0,1,0,2,13,47,10,20
334,1992,alabama,9,0,4154014.0,3056000.0,2210617.0,1688060,55.2,76.4,2,1,6.77,40.88,47.65,10.85,0.63,R,R,5,2,2,0,82,23,28,7
335,1992,alaska,3,0,588736.0,395500.0,315058.0,258506,65.4,82.1,2,1,9.17,30.29,39.46,28.43,1.83,R,A,0,1,0,2,23,17,10,10
336,1992,arizona,8,0,3915740.0,2749000.0,1964949.0,1487006,54.1,75.7,2,1,1.95,36.52,38.47,23.79,1.22,R,R,1,4,1,1,27,33,17,13
337,1992,arkansas,0,6,2415984.0,1768000.0,1317944.0,950653,53.8,72.1,1,2,17.72,53.21,35.48,10.43,0.88,D,D,3,1,0,0,91,9,31,4
338,1992,california,0,54,30974659.0,22668000.0,15101473.0,11131721,49.1,73.7,1,2,13.39,46.01,32.61,20.63,0.75,D,R,26,19,2,0,46,34,25,14
339,1992,california,0,54,30974659.0,22668000.0,15101473.0,11131721,49.1,73.7,1,2,13.39,46.01,32.61,20.63,0.75,D,R,26,19,1,1,46,34,25,14
340,1992,colorado,0,8,3495939.0,2501000.0,2003375.0,1569180,62.7,78.3,1,2,4.26,40.13,35.87,23.32,0.68,D,D,3,3,1,1,27,38,12,23
341,1992,connecticut,0,8,3300712.0,2535000.0,1961503.0,1616332,63.8,82.4,1,2,6.43,42.21,35.78,21.58,0.43,D,C,3,3,2,0,88,63,20,16
342,1992,delaware,0,3,694925.0,525000.0,341948.0,289735,55.2,84.7,1,2,8.19,43.51,35.31,20.44,0.74,R,Michael N. Castle,1,0,1,1,17,24,15,6
343,1992,delaware,0,3,694925.0,525000.0,341948.0,289735,55.2,84.7,1,2,8.19,43.51,35.31,20.44,0.74,D,R,1,0,1,1,17,24,15,6
344,1992,d.c.,0,3,597565.0,459000.0,340953.0,227572,49.6,66.7,1,2,75.55,84.64,9.1,4.25,2.01,D,D,1,0,2,0,0,0,0,0
345,1992,florida,25,0,13650553.0,10586000.0,6541825.0,5314392,50.2,81.2,2,1,1.89,39.0,40.89,19.82,0.29,R,D,9,10,1,1,74,46,22,18
346,1992,georgia,0,13,6817203.0,4950000.0,3177061.0,2321133,46.9,73.1,1,2,0.59,43.47,42.88,13.34,0.31,D,D,9,1,2,0,144,36,45,11
347,1992,hawaii,0,4,1158613.0,889000.0,464495.0,372842,41.9,80.3,1,2,11.4,48.09,36.7,14.22,0.99,D,D,2,0,0,0,45,6,22,3
348,1992,idaho,4,0,1071685.0,740000.0,611121.0,482142,65.2,78.9,2,1,13.61,28.42,42.03,27.04,2.51,R,D,2,0,0,2,28,56,21,21
349,1992,illinois,0,22,11694184.0,8568000.0,6600358.0,5050157,58.9,76.5,1,2,14.24,48.58,34.34,16.64,0.44,D,R,15,7,2,0,72,46,31,28
350,1992,indiana,12,0,5674547.0,4176000.0,3180157.0,2305871,55.2,72.5,2,1,6.11,36.79,42.91,19.77,0.53,R,D,8,2,0,2,52,48,24,26
351,1992,iowa,0,7,2818401.0,2075000.0,1703658.0,1354607,65.3,79.5,1,2,6.01,43.29,37.27,18.71,0.73,D,R,2,4,1,1,53,47,28,22
352,1992,kansas,6,0,2532394.0,1836000.0,1365849.0,1157236,63.0,84.7,2,1,5.14,33.74,38.88,26.99,0.39,R,D,2,3,0,2,63,62,18,22
353,1992,kentucky,0,8,3765469.0,2779000.0,2076263.0,1492900,53.7,71.9,1,2,3.21,44.55,41.34,13.66,0.45,D,D,4,3,1,1,68,32,27,11
354,1992,louisiana,0,9,4293003.0,2992000.0,2292129.0,1790017,59.8,78.1,1,2,4.61,45.58,40.97,11.81,1.63,D,D,4,4,2,0,87,17,33,6
355,1992,maine,0,4,1238508.0,944000.0,974605.0,679499,72.0,69.7,1,3,8.33,38.77,30.39,30.44,0.41,D,R,1,1,0,0,97,54,21,14
356,1992,maryland,0,10,4923368.0,3719000.0,2463010.0,1985046,53.4,80.6,1,2,14.18,49.8,35.62,14.18,0.4,D,D,5,3,1,0,117,24,40,7
357,1992,massachusetts,0,12,6028709.0,4607000.0,3351918.0,2773574,60.2,82.7,1,2,18.52,47.54,29.03,22.8,0.63,E,R,11,0,2,0,123,37,24,16
358,1992,minnesota,0,10,4495572.0,3278000.0,3138901.0,2347948,71.6,74.8,1,2,11.63,43.48,31.85,23.96,0.71,D,Arne Carlson (IR/R),6,2,1,1,78,0,46,0
359,1992,mississippi,7,0,2623734.0,1861000.0,1640150.0,981793,52.8,59.9,2,1,8.92,40.77,49.68,8.72,0.83,R,R,5,0,0,2,98,24,43,9
360,1992,missouri,0,11,5217101.0,3858000.0,3067955.0,2391565,62.0,78.0,1,2,10.15,44.07,33.92,21.69,0.33,D,R,6,3,0,0,98,65,23,11
361,1992,montana,0,3,825770.0,586000.0,529822.0,410611,70.1,77.5,1,2,2.51,37.63,35.12,26.11,1.14,D,R,1,1,1,1,61,39,29,21
362,1992,nebraska,5,0,1611687.0,1167000.0,951395.0,739283,63.3,77.7,2,1,17.18,29.4,46.58,23.63,0.39,R,D,1,2,2,0,0,0,0,0
363,1992,nevada,0,4,1351367.0,1013000.0,649913.0,506318,50.0,77.9,1,2,2.63,37.36,34.73,26.19,1.73,D,D,1,1,2,0,22,20,11,10
364,1992,new hampshire,0,4,1117784.0,852000.0,660995.0,537945,63.1,81.4,1,2,1.22,38.86,37.64,22.56,0.95,D,R,2,2,0,2,129,271,11,13
365,1992,new jersey,0,15,7880508.0,5943000.0,4060337.0,3343594,56.3,82.3,1,2,2.37,42.95,40.58,15.61,0.86,D,D,8,6,2,0,0,0,13,27
366,1992,new mexico,0,5,1595442.0,1104000.0,707012.0,569986,51.6,80.6,1,2,8.56,45.9,37.34,16.12,0.64,D,D,1,2,1,1,49,21,26,16
367,1992,new york,0,33,18246653.0,13609000.0,9193391.0,6926925,50.9,75.3,1,2,15.85,49.73,33.88,15.75,0.65,D,D,21,13,1,1,95,55,26,35
368,1992,north carolina,14,0,6897214.0,5217000.0,3817380.0,2611850,50.1,68.4,2,1,0.79,42.65,43.44,13.7,0.2,R,E,7,4,1,1,81,39,36,14
369,1992,north dakota,3,0,638223.0,458000.0,6510583.846153846,308133,67.3,75.29999999999998,2,1,12.03,32.18,44.22,23.07,0.53,R,George A. Sinner (D-NPL),0,0,2,0,48,58,27,26
370,1992,north dakota,3,0,638223.0,458000.0,6510583.846153846,308133,67.3,75.29999999999998,2,1,12.03,32.18,44.22,23.07,0.53,R,George A. Sinner (D-NPL),0,0,3,0,48,58,27,26
371,1992,ohio,0,21,11029431.0,8146000.0,6536936.0,4939964,60.6,75.6,1,2,1.83,40.18,38.35,20.98,0.49,D,R,11,10,2,0,61,38,12,21
372,1992,oklahoma,8,0,3220517.0,2328000.0,2302279.0,1390359,59.7,60.4,2,1,8.62,34.02,42.65,23.01,0.32,R,D,4,2,1,1,69,32,37,11
373,1992,oregon,0,7,2991755.0,2226000.0,1775416.0,1462643,65.7,82.4,1,2,9.95,42.48,32.53,24.21,0.78,D,D,4,1,0,2,29,31,20,10
374,1992,pennsylvania,0,23,12049450.0,9129000.0,5993002.0,4959810,54.3,82.8,1,2,9.02,45.15,36.13,18.2,0.53,D,D,11,12,1,1,107,96,24,26
375,1992,rhode island,0,4,1012581.0,776000.0,554664.0,453478,58.4,81.8,1,2,18.02,47.04,29.02,23.16,0.78,D,D,1,1,1,1,89,11,45,5
376,1992,south carolina,8,0,3620464.0,2672000.0,1537140.0,1202527,45.0,78.2,2,1,8.15,39.88,48.02,11.55,0.55,R,R,4,2,1,1,80,44,35,11
377,1992,south dakota,3,0,712801.0,502000.0,448292.0,336254,67.0,75.0,2,1,3.52,37.14,40.66,21.8,0.4,R,R,1,0,1,1,25,45,17,18
378,1992,tennessee,0,11,5049742.0,3783000.0,2726449.0,1982638,52.4,72.7,1,2,4.65,47.08,42.43,10.09,0.4,D,D,6,3,2,0,55,44,20,13
379,1992,texas,32,0,17759738.0,12524000.0,8439874.0,6154018,49.1,72.9,2,1,3.48,37.08,40.56,22.01,0.35,R,D,19,8,1,1,90,60,22,9
380,1992,utah,5,0,1836799.0,1142000.0,965211.0,744069,65.2,77.1,3,1,16.02,24.65,43.36,27.34,4.65,R,R,2,1,0,2,31,44,10,19
381,1992,vermont,0,3,572751.0,429000.0,383371.0,289701,67.5,75.6,1,2,15.7,46.11,30.42,22.78,0.69,D,D,0,0,1,1,73,75,15,15
382,1992,virginia,13,0,6414307.0,4842000.0,3055486.0,2558665,52.8,83.7,2,1,4.37,40.59,44.97,13.63,0.82,R,D,6,4,1,1,58,40,22,18
383,1992,washington,0,11,5160757.0,3818000.0,2814680.0,2288230,59.9,81.3,1,2,11.44,43.4,31.96,23.68,0.97,D,D,5,3,1,1,58,40,24,25
384,1992,wyoming,3,0,466251.0,322000.0,234260.0,200625,62.3,85.6,2,1,5.58,33.97,39.55,25.55,0.92,R,D,0,1,0,2,22,42,10,20
385,1988,alabama,9,0,4023902.0,3010000.0,2451491.0,1378476,45.8,56.2,2,1,19.3,39.86,59.17,0.0,0.97,R,R,5,2,2,0,89,16,30,5
386,1988,alaska,3,0,541999.0,385000.0,292441.0,200116,52.0,68.4,2,1,23.32,36.27,59.59,0.0,4.14,R,D,0,1,0,2,24,16,8,12
387,1988,arizona,7,0,3535200.0,2605000.0,1797714.0,1171873,45.0,65.2,2,1,21.21,38.74,59.95,0.0,1.31,R,R,1,4,1,1,24,36,11,19
388,1988,arizona,7,0,3535200.0,2605000.0,1797714.0,1171873,45.0,65.2,2,1,21.21,38.74,59.95,0.0,1.31,R,D,1,4,1,1,24,36,11,19
389,1988,arkansas,6,0,2342643.0,1761000.0,1203016.0,827738,47.0,68.8,2,1,14.18,42.19,56.37,0.0,1.44,R,D,3,1,1,0,91,9,31,4
390,1988,california,47,0,28464230.0,20875000.0,14004873.0,9887064,47.4,70.6,2,1,3.57,47.56,51.13,0.0,1.31,R,R,28,17,1,1,44,36,24,15
391,1988,california,47,0,28464230.0,20875000.0,14004873.0,9887064,47.4,70.6,2,1,3.57,47.56,51.13,0.0,1.31,R,R,28,17,1,1,44,36,24,15
392,1988,colorado,8,0,3262279.0,2489000.0,2037466.0,1372394,55.1,67.4,2,1,7.78,45.28,53.06,0.0,1.66,R,D,3,3,1,1,24,41,10,25
393,1988,connecticut,8,0,3271957.0,2492000.0,1795419.0,1443394,57.9,80.4,2,1,5.1,46.87,51.98,0.0,1.15,R,D,3,3,1,1,92,59,25,11
394,1988,delaware,3,0,647621.0,490000.0,318362.0,249891,51.0,78.5,2,1,12.4,43.48,55.88,0.0,0.64,R,Michael N. Castle,1,0,1,1,19,22,13,8
395,1988,d.c.,0,3,630427.0,489000.0,299757.0,192877,39.4,64.3,1,2,68.34,82.65,14.3,0.0,3.05,D,D,1,0,0,0,0,0,0,0
396,1988,florida,21,0,12306421.0,9614000.0,6047347.0,4302313,44.8,71.1,2,1,22.36,38.51,60.87,0.0,0.62,R,R,12,7,2,0,73,47,25,15
397,1988,georgia,12,0,6316185.0,4665000.0,2934816.0,1809672,38.8,61.7,2,1,20.25,39.5,59.75,0.0,0.75,R,D,8,2,2,0,153,27,46,10
398,1988,hawaii,0,4,1079830.0,824000.0,443742.0,354461,43.0,79.9,1,2,9.52,54.27,44.75,0.0,0.98,D,D,1,1,1,0,40,11,20,5
399,1988,idaho,4,0,985680.0,701000.0,572430.0,408968,58.3,71.4,2,1,26.07,36.01,62.08,0.0,1.91,R,D,1,1,0,2,20,64,16,26
400,1988,illinois,24,0,11390222.0,8550000.0,6356940.0,4559120,53.3,71.7,2,1,2.08,48.6,50.69,0.0,0.71,R,R,13,9,2,0,67,51,31,28
401,1988,indiana,12,0,5491729.0,4068000.0,2865852.0,2168621,53.3,75.7,2,1,20.16,39.69,59.84,0.0,0.47,R,R,6,4,0,2,48,52,20,30
402,1988,iowa,0,8,2768370.0,2068000.0,1638362.0,1225614,59.3,74.8,1,2,10.22,54.71,44.5,0.0,0.79,D,R,2,4,1,1,58,42,30,20
403,1988,kansas,7,0,2462057.0,1829000.0,1265958.0,993044,54.3,78.4,2,1,13.23,42.56,55.79,0.0,1.65,R,R,2,3,0,2,51,74,16,24
404,1988,kentucky,9,0,3679990.0,2746000.0,2026295.0,1322517,48.2,65.3,2,1,11.64,43.88,55.52,0.0,0.59,R,D,4,3,1,1,73,27,29,9
405,1988,louisiana,10,0,4288939.0,3175000.0,2231857.0,1628202,51.3,73.0,2,1,10.21,44.06,54.27,0.0,1.66,R,D,5,3,2,0,88,16,34,5
406,1988,maine,4,0,1203850.0,893000.0,854764.0,555035,62.2,64.9,2,1,11.45,43.88,55.34,0.0,0.78,R,R,1,1,1,1,86,65,20,15
407,1988,maryland,10,0,4657894.0,3491000.0,2310080.0,1714358,49.1,74.2,2,1,2.91,48.2,51.11,0.0,0.69,R,D,6,2,0,0,124,17,40,7
408,1988,massachusetts,0,13,5979997.0,4535000.0,3272188.0,2632805,58.1,80.5,1,2,7.85,53.23,45.38,0.0,1.4,E,D,10,1,2,0,126,33,32,8
409,1988,minnesota,0,10,4296162.0,3161000.0,2916957.0,2096790,66.3,71.9,1,2,7.02,52.91,45.9,0.0,1.19,D,Rudy Perpich (DFL),5,3,0,2,82,0,46,0
410,1988,mississippi,7,0,2580377.0,1867000.0,1595826.0,931527,49.9,58.4,2,1,20.82,39.07,59.89,0.0,1.04,R,D,4,1,1,1,113,9,45,7
411,1988,missouri,11,0,5081731.0,3821000.0,2943025.0,2093228,54.8,71.1,2,1,3.98,47.85,51.83,0.0,0.32,R,R,5,4,0,1,111,52,21,13
412,1988,montana,4,0,800194.0,586000.0,505541.0,365674,62.4,72.3,2,1,5.87,46.2,52.07,0.0,1.73,R,D,1,1,2,0,49,51,25,25
413,1988,nebraska,5,0,1571465.0,1167000.0,898959.0,662372,56.8,73.7,2,1,20.96,39.2,60.15,0.0,0.65,R,R,0,3,1,1,0,0,0,0
414,1988,nevada,4,0,1075033.0,780000.0,444933.0,350067,44.9,78.7,2,1,20.94,37.92,58.86,0.0,3.22,R,D,1,1,1,1,29,13,9,12
415,1988,new hampshire,4,0,1082583.0,823000.0,649780.0,450525,54.7,69.3,2,1,26.16,36.33,62.49,0.0,1.17,R,R,0,4,0,2,133,267,8,16
416,1988,new jersey,16,0,7712352.0,5943000.0,4010790.0,3099553,52.2,77.3,2,1,13.64,42.6,56.24,0.0,1.16,R,R,8,6,2,0,0,0,24,16
417,1988,new mexico,5,0,1490356.0,1101000.0,674826.0,521287,47.3,77.2,2,1,4.96,46.9,51.86,0.0,1.24,R,R,1,2,1,1,46,24,16,3
418,1988,new york,0,36,17941357.0,13480000.0,8581276.0,6485683,48.1,75.6,1,2,4.1,51.62,47.52,0.0,0.86,D,D,20,14,1,1,92,58,26,35
419,1988,north carolina,13,0,6480675.0,4913000.0,3432042.0,2134370,43.4,62.2,2,1,16.26,41.71,57.97,0.0,0.33,R,E,8,3,1,1,81,39,40,10
420,1988,north dakota,3,0,655324.0,483000.0,6510583.846153846,297261,61.5,75.29999999999998,2,1,13.06,42.97,56.03,0.0,1.0,R,George A. Sinner (D-NPL),0,0,2,0,45,61,27,26
421,1988,ohio,23,0,10798630.0,7970000.0,6275638.0,4393699,55.1,70.0,2,1,10.85,44.15,55.0,0.0,0.85,R,D,11,10,2,0,60,39,15,18
422,1988,oklahoma,8,0,3167148.0,2404000.0,2199014.0,1171036,48.7,53.3,2,1,16.65,41.28,57.93,0.0,0.79,R,R,4,2,1,1,70,31,31,17
423,1988,oregon,0,7,2741316.0,2051000.0,1528478.0,1201694,58.6,78.6,1,2,4.67,51.28,46.61,0.0,2.11,D,D,3,2,0,2,31,29,17,13
424,1988,pennsylvania,25,0,11845774.0,9060000.0,5875943.0,4536251,50.1,77.2,2,1,2.32,48.39,50.7,0.0,0.91,R,D,12,11,0,2,102,101,24,26
425,1988,rhode island,0,4,996406.0,764000.0,548758.0,404620,53.0,73.7,1,2,11.71,55.64,43.93,0.0,0.43,D,R,1,1,1,1,80,20,38,12
426,1988,south carolina,8,0,3412102.0,2534000.0,1435977.0,986009,38.9,68.7,2,1,23.92,37.58,61.5,0.0,0.91,R,R,4,2,1,1,92,32,36,10
427,1988,south dakota,3,0,698144.0,509000.0,440301.0,312991,61.5,71.1,2,1,6.34,46.51,52.85,0.0,0.64,R,R,1,0,1,1,22,48,11,24
428,1988,tennessee,11,0,4822432.0,3661000.0,2417033.0,1636250,44.7,67.7,2,1,16.34,41.55,57.89,0.0,0.56,R,D,6,3,2,0,61,38,23,10
429,1988,texas,29,0,16667146.0,12270000.0,8201856.0,5427410,44.2,66.2,2,1,12.6,43.35,55.95,0.0,0.7,R,R,17,10,1,1,90,60,25,6
430,1988,utah,5,0,1689374.0,1078000.0,806934.0,647008,60.0,80.2,2,1,34.17,32.05,66.22,0.0,1.73,R,R,1,2,0,2,27,48,8,21
431,1988,vermont,3,0,549758.0,412000.0,348712.0,243333,59.1,69.8,2,1,3.52,47.58,51.1,0.0,1.33,R,D,0,1,1,1,75,74,18,12
432,1988,virginia,12,0,6036907.0,4544000.0,2877144.0,2191609,48.2,76.2,2,1,20.5,39.23,59.74,0.0,1.03,R,D,5,5,0,2,64,35,30,10
433,1988,washington,0,10,4639911.0,3417000.0,2499309.0,1865253,54.6,74.6,1,2,1.59,50.05,48.46,0.0,1.5,D,D,5,3,1,1,61,37,24,25
434,1988,wyoming,3,0,465080.0,351000.0,226189.0,176551,50.3,78.1,2,1,22.52,38.01,60.53,0.0,1.46,R,D,0,1,0,2,20,44,11,19
435,1984,alabama,9,0,3951766.0,2892000.0,2343448.0,1441713,49.9,61.5,2,1,22.26,38.28,60.54,0.0,1.18,R,D,5,2,1,1,87,18,29,3
436,1984,alaska,3,0,513697.0,351000.0,305262.0,207605,59.1,68.0,2,1,36.79,29.87,66.65,0.0,3.48,R,D,0,1,0,2,20,20,9,11
437,1984,arizona,7,0,3067125.0,2268000.0,1462818.0,1025897,45.2,70.1,2,1,33.88,32.54,66.42,0.0,1.04,R,D,2,3,1,1,21,39,12,18
438,1984,arkansas,6,0,2319782.0,1706000.0,1159588.0,884406,51.8,76.3,2,1,22.18,38.29,60.47,0.0,1.24,R,D,2,2,1,0,93,7,32,3
439,1984,california,47,0,25844380.0,19181000.0,13073835.0,9505423,49.6,72.7,2,1,16.25,41.27,57.51,0.0,1.22,R,R,28,17,1,1,48,32,25,15
440,1984,colorado,8,0,3170024.0,2353000.0,1621304.0,1295381,55.1,79.9,2,1,28.32,35.12,63.44,0.0,1.44,R,D,3,3,1,1,25,40,13,22
441,1984,connecticut,8,0,3180017.0,2401000.0,1809017.0,1466900,61.1,81.1,2,1,21.9,38.83,60.73,0.0,0.44,R,D,4,2,1,1,87,64,23,13
442,1984,delaware,3,0,611567.0,459000.0,314034.0,254572,55.5,81.1,2,1,19.85,39.93,59.78,0.0,0.29,R,R,1,0,1,1,25,16,13,8
443,1984,d.c.,0,3,633385.0,489000.0,275000.0,211288,43.2,76.8,1,2,71.66,85.38,13.73,0.0,0.89,D,D,1,0,0,0,0,0,0,0
444,1984,florida,21,0,11039982.0,8665000.0,5574472.0,4180051,48.2,75.0,2,1,30.66,34.66,65.32,0.0,0.02,R,D,13,6,1,1,84,36,32,8
445,1984,georgia,12,0,5835018.0,4231000.0,2732332.0,1776093,42.0,65.0,2,1,20.39,39.79,60.17,0.0,0.04,R,D,9,1,1,1,156,24,49,7
446,1984,hawaii,4,0,1027923.0,758000.0,418904.0,335846,44.3,80.2,2,1,11.28,43.82,55.1,0.0,1.08,R,D,2,0,2,0,43,8,17,8
447,1984,idaho,4,0,990811.0,686000.0,582196.0,411144,59.9,70.6,2,1,45.97,26.39,72.36,0.0,1.24,R,D,0,2,0,2,19,51,14,21
448,1984,illinois,24,0,11412194.0,8438000.0,6470438.0,4819088,57.1,74.5,2,1,12.88,43.3,56.17,0.0,0.53,R,R,12,10,1,1,70,48,33,26
449,1984,indiana,12,0,5458334.0,3993000.0,3049590.0,2233069,55.9,73.2,2,1,23.99,37.68,61.67,0.0,0.64,R,R,5,5,0,2,43,57,18,32
450,1984,iowa,8,0,2858631.0,2120000.0,1762841.0,1319805,62.3,74.9,2,1,7.39,45.89,53.27,0.0,0.84,R,R,3,3,0,2,60,40,28,22
451,1984,kansas,7,0,2424119.0,1798000.0,1291416.0,1021991,56.8,79.1,2,1,33.67,32.6,66.27,0.0,1.13,R,D,2,3,0,2,53,72,17,23
452,1984,kentucky,9,0,3695426.0,2697000.0,2017756.0,1370461,50.8,67.9,2,1,20.66,39.37,60.04,0.0,0.59,R,D,4,3,2,0,76,24,28,10
453,1984,louisiana,10,0,4400521.0,3129000.0,2262101.0,1706822,54.5,75.5,2,1,22.6,38.18,60.77,0.0,1.05,R,D,6,2,2,0,93,11,37,2
454,1984,maine,4,0,1155646.0,854000.0,810661.0,553144,64.8,68.2,2,1,22.05,38.78,60.83,0.0,0.38,R,D,0,2,1,0,92,59,23,10
455,1984,maryland,10,0,4365282.0,3260000.0,2253150.0,1675873,51.4,74.4,2,1,5.49,47.02,52.51,0.0,0.48,R,D,7,1,0,0,124,17,41,6
456,1984,massachusetts,13,0,5840782.0,4443000.0,3253785.0,2559453,57.6,78.7,2,1,2.79,48.43,51.22,0.0,0.35,E,D,10,1,2,0,131,29,33,7
457,1984,minnesota,0,10,4157708.0,3058000.0,2893049.0,2084449,68.2,72.1,1,2,0.18,49.72,49.54,0.0,0.74,D,Rudy Perpich (DFL),5,3,0,2,76,0,42,0
458,1984,mississippi,7,0,2578030.0,1802000.0,1669539.0,940192,52.2,56.3,2,1,24.39,37.46,61.85,0.0,0.69,R,D,3,2,1,1,116,6,49,3
459,1984,missouri,11,0,4975276.0,3708000.0,2969300.0,2122771,57.2,71.5,2,1,20.05,39.98,60.02,0.0,0.0,R,R,6,3,0,1,110,53,22,12
460,1984,missouri,11,0,4975276.0,3708000.0,2969300.0,2122771,57.2,71.5,2,1,20.05,39.98,60.02,0.0,0.0,R,R,6,3,0,1,110,53,22,12
461,1984,montana,4,0,820868.0,591000.0,526841.0,384377,65.0,73.0,2,1,22.3,38.18,60.47,0.0,1.35,R,D,1,1,2,0,55,45,24,26
462,1984,nebraska,5,0,1588598.0,1172000.0,902626.0,652090,55.6,72.2,2,1,41.74,28.81,70.55,0.0,0.64,R,D,0,3,2,0,0,0,0,0
463,1984,nevada,4,0,924917.0,691000.0,356405.0,286667,41.5,80.4,2,1,33.88,31.97,65.85,0.0,2.18,R,D,1,1,0,2,22,20,17,4
464,1984,new hampshire,4,0,976879.0,734000.0,543790.0,388954,53.0,71.5,2,1,37.71,30.95,68.66,0.0,0.39,R,R,2,2,0,2,158,242,9,15
465,1984,new jersey,16,0,7515486.0,5687000.0,4072639.0,3217862,56.6,79.0,2,1,20.89,39.2,60.09,0.0,0.71,R,R,9,5,2,0,0,0,23,17
466,1984,new mexico,5,0,1416763.0,1002000.0,650929.0,514370,51.3,79.0,2,1,20.48,39.23,59.7,0.0,1.07,R,D,1,2,1,1,47,23,23,19
467,1984,new york,36,0,17745710.0,13301000.0,9044208.0,6806810,51.2,75.3,2,1,8.01,45.83,53.84,0.0,0.33,R,D,20,14,1,1,98,52,26,35
468,1984,north carolina,13,0,6164036.0,4593000.0,3270933.0,2175361,47.4,66.5,2,1,24.0,37.89,61.9,0.0,0.21,R,E,9,2,0,2,102,18,44,6
469,1984,north dakota,3,0,680484.0,493000.0,6510583.846153846,308971,62.7,75.29999999999998,2,1,31.04,33.8,64.84,0.0,1.36,R,R,0,0,1,1,55,51,21,32
470,1984,ohio,23,0,10737767.0,7841000.0,6332454.0,4547619,58.0,71.8,2,1,18.76,40.14,58.9,0.0,0.96,R,D,10,11,2,0,62,37,17,16
471,1984,oklahoma,8,0,3285581.0,2408000.0,1949989.0,1255676,52.1,64.4,2,1,37.94,30.67,68.61,0.0,0.72,R,D,5,1,1,1,76,25,34,14
472,1984,oregon,7,0,2666598.0,1984000.0,1608693.0,1226527,61.8,76.2,2,1,12.17,43.74,55.91,0.0,0.35,R,R,3,2,0,2,36,24,21,9
473,1984,oregon,7,0,2666598.0,1984000.0,1608693.0,1226527,61.8,76.2,2,1,12.17,43.74,55.91,0.0,0.35,R,R,3,2,0,2,36,24,21,9
474,1984,pennsylvania,25,0,11815214.0,8975000.0,6193702.0,4844903,54.0,78.2,2,1,7.35,45.99,53.34,0.0,0.67,R,R,13,10,0,2,103,100,23,27
475,1984,rhode island,4,0,961898.0,735000.0,542216.0,410492,55.8,75.7,2,1,3.65,48.02,51.66,0.0,0.32,R,D,1,1,1,1,86,14,29,21
476,1984,south carolina,8,0,3271923.0,2382000.0,1394675.0,968540,40.7,69.4,2,1,27.99,35.57,63.55,0.0,0.88,R,D,3,3,1,1,105,19,39,7
477,1984,south dakota,3,0,697207.0,508000.0,442790.0,317867,62.6,71.8,2,1,26.47,36.53,63.0,0.0,0.47,R,R,1,0,0,2,18,52,9,26
478,1984,tennessee,11,0,4686803.0,3490000.0,2579504.0,1711993,49.1,66.4,2,1,16.27,41.57,57.84,0.0,0.59,R,R,6,3,1,1,60,38,22,11
479,1984,texas,29,0,16007171.0,11436000.0,7900167.0,5397571,47.2,68.3,2,1,27.5,36.11,63.61,0.0,0.28,R,D,21,6,1,1,113,37,26,5
480,1984,utah,5,0,1622339.0,1023000.0,840416.0,629656,61.5,74.9,2,1,49.83,24.68,74.5,0.0,0.82,R,D,0,3,0,2,16,59,5,24
481,1984,vermont,3,0,526662.0,392000.0,333778.0,234561,59.8,70.3,2,1,17.11,40.81,57.92,0.0,1.26,R,R,0,1,1,1,65,84,13,17
482,1984,virginia,12,0,5643937.0,4235000.0,2675641.0,2146635,50.7,80.2,2,1,25.19,37.09,62.29,0.0,0.62,R,D,4,6,0,2,65,34,32,8
483,1984,washington,10,0,4343670.0,3228000.0,2457667.0,1883910,58.4,76.7,2,1,12.97,42.86,55.82,0.0,1.32,R,R,5,3,0,2,53,45,26,23
484,1984,wyoming,3,0,504891.0,354000.0,239974.0,188968,53.4,78.7,2,1,42.27,28.24,70.51,0.0,1.25,R,D,0,1,0,2,25,38,11,19
485,1980,alabama,9,0,3894025.0,2757000.0,2142139.0,1341929,48.7,62.6,2,1,1.3,47.45,48.75,1.23,2.57,R,D,4,3,2,0,101,4,35,0
486,1980,alaska,3,0,401851.0,277000.0,258742.0,158445,57.2,61.2,2,1,27.94,26.41,54.35,7.04,12.2,R,R,0,1,1,1,25,14,9,11
487,1980,arizona,6,0,2716546.0,1970000.0,1121169.0,873945,44.4,77.9,2,1,32.36,28.24,60.61,8.81,2.34,R,D,2,2,1,1,18,42,14,16
488,1980,arkansas,6,0,2286357.0,1628000.0,1188902.0,837582,51.4,70.5,2,1,0.61,47.52,48.13,2.68,1.66,R,D,2,2,0,0,94,6,35,0
489,1980,california,45,0,23667765.0,17548000.0,11361623.0,8587063,48.9,75.6,2,1,16.78,35.91,52.69,8.62,2.78,R,D,25,18,1,0,50,30,26,14
490,1980,colorado,7,0,2889735.0,2123000.0,1434571.0,1184415,55.8,82.6,2,1,24.0,31.07,55.07,11.03,2.83,R,D,3,2,1,1,27,38,13,22
491,1980,connecticut,8,0,3107564.0,2304000.0,1719108.0,1406285,61.0,81.8,2,1,9.63,38.52,48.16,12.22,1.1,R,D,5,1,1,1,103,48,26,10
492,1980,connecticut,8,0,3107564.0,2304000.0,1719108.0,1406285,61.0,81.8,2,1,9.63,38.52,48.16,12.22,1.1,R,D,5,1,1,1,103,48,26,10
493,1980,delaware,3,0,594338.0,432000.0,300600.0,235668,54.6,78.4,2,1,2.33,44.87,47.21,6.91,1.01,R,R,0,1,1,1,21,20,13,8
494,1980,d.c.,0,3,638432.0,495000.0,288837.0,173889,35.1,60.2,1,2,61.49,74.89,13.41,9.28,2.42,D,D,1,0,0,0,0,0,0,0
495,1980,florida,17,0,9746961.0,7578000.0,4809721.0,3687026,48.7,76.7,2,1,17.02,38.5,55.52,5.14,0.84,R,D,12,3,2,0,89,31,29,11
496,1980,georgia,0,12,5462982.0,3870000.0,2466786.0,1597467,41.3,64.8,1,2,14.81,55.76,40.95,2.26,1.03,D,D,9,1,2,0,160,20,51,5
497,1980,hawaii,0,4,964691.0,697000.0,402795.0,303287,43.5,75.3,1,2,1.9,44.8,42.9,10.56,1.74,D,D,2,0,0,0,42,9,18,7
498,1980,idaho,4,0,944127.0,646000.0,581006.0,437431,67.7,75.3,2,1,41.27,25.19,66.46,6.19,2.17,R,D,0,2,1,1,20,50,16,19
499,1980,illinois,26,0,11427409.0,8235000.0,6230332.0,4749721,57.7,76.2,2,1,7.93,41.72,49.65,7.3,1.34,R,R,10,14,1,1,88,88,32,27
500,1980,indiana,13,0,5490214.0,3892000.0,2944311.0,2242033,57.6,76.1,2,1,18.35,37.65,56.01,4.98,1.36,R,R,7,4,1,1,46,54,21,29
501,1980,iowa,8,0,2913808.0,2099000.0,1746725.0,1317661,62.8,75.4,2,1,12.7,38.6,51.31,8.78,1.32,R,R,3,3,1,1,43,57,22,28
502,1980,kansas,7,0,2364236.0,1730000.0,1290539.0,979795,56.6,75.9,2,1,24.56,33.29,57.85,6.96,1.9,R,D,1,4,0,2,56,69,19,21
503,1980,kentucky,9,0,3660324.0,2596000.0,1824469.0,1294627,49.9,71.0,2,1,1.46,47.61,49.07,2.4,0.91,R,D,4,3,2,0,75,25,30,8
504,1980,louisiana,10,0,4206116.0,2919000.0,2015402.0,1548591,53.1,76.8,2,1,5.45,45.75,51.2,1.7,1.35,R,R,5,3,2,0,95,10,39,0
505,1980,maine,4,0,1125043.0,811000.0,759978.0,523011,64.5,68.8,2,1,3.36,42.25,45.61,10.2,1.95,R,D,0,2,0,0,77,73,13,19
506,1980,maryland,0,10,4216933.0,3080000.0,2064883.0,1540496,50.0,74.6,1,2,2.96,47.14,44.18,7.76,0.92,D,D,6,2,0,1,125,16,40,7
507,1980,massachusetts,14,0,5737093.0,4278000.0,3156672.0,2524298,59.0,80.0,2,1,0.15,41.75,41.9,15.15,1.2,E,D,10,2,2,0,128,30,34,6
508,1980,minnesota,0,10,4075970.0,2933000.0,2812855.0,2051953,70.0,72.9,1,2,3.94,46.5,42.56,8.53,2.41,D,Al Quie (IR),4,4,0,2,68,0,45,0
509,1980,mississippi,7,0,2520770.0,1723000.0,1485539.0,892620,51.8,60.1,2,1,1.32,48.09,49.42,1.35,1.14,R,D,3,2,1,1,116,6,48,4
510,1980,missouri,12,0,4916766.0,3578000.0,2845023.0,2099824,58.7,73.8,2,1,6.81,44.35,51.16,3.71,0.79,R,D,8,2,1,0,116,47,23,11
511,1980,montana,4,0,786690.0,560000.0,496402.0,363952,65.0,73.3,2,1,24.39,32.43,56.82,8.05,2.7,R,D,1,1,2,0,55,45,24,26
512,1980,nebraska,5,0,1569825.0,1133000.0,856182.0,640854,56.6,74.9,2,1,39.49,26.04,65.53,7.02,1.42,R,R,1,2,2,0,0,0,0,0
513,1980,nevada,3,0,800508.0,602000.0,297318.0,247885,41.2,83.4,2,1,35.64,26.89,62.54,7.12,3.45,R,R,1,0,1,1,26,14,15,5
514,1980,new hampshire,4,0,920610.0,672000.0,551432.0,383999,57.1,69.6,2,1,29.39,28.35,57.74,12.94,0.97,R,D,2,2,1,1,175,225,12,12
515,1980,new jersey,17,0,7365011.0,5422000.0,3761428.0,2975684,54.9,79.1,2,1,13.42,38.56,51.97,7.88,1.58,R,D,10,5,2,0,0,0,26,14
516,1980,new mexico,4,0,1303302.0,900000.0,652687.0,456237,50.7,69.9,2,1,18.18,36.78,54.97,6.46,1.79,R,D,1,1,0,2,30,3,32,10
517,1980,new york,41,0,17558165.0,12933000.0,7897555.0,6201959,48.0,78.5,2,1,2.67,43.99,46.66,7.54,1.81,R,D,26,13,1,1,86,64,25,35
518,1980,north carolina,13,0,5880095.0,4274000.0,2774844.0,1855833,43.4,66.9,2,1,2.12,47.18,49.3,2.85,0.67,D,E,9,2,1,1,105,15,45,5
519,1980,north dakota,3,0,652717.0,467000.0,6510583.846153846,301545,64.6,75.29999999999998,2,1,37.97,26.26,64.23,7.84,1.67,R,Arthur A. Link (D-NPL),0,1,1,1,29,71,15,35
520,1980,ohio,25,0,10797603.0,7744000.0,5962864.0,4283603,55.3,71.8,2,1,10.6,40.91,51.51,5.94,1.64,R,R,10,13,2,0,63,36,18,15
521,1980,oklahoma,8,0,3025487.0,2207000.0,1469320.0,1149708,52.1,78.2,2,1,25.53,34.97,60.5,3.33,1.2,R,D,5,1,1,1,75,26,39,9
522,1980,oregon,6,0,2633156.0,1929000.0,1569222.0,1181516,61.3,75.3,2,1,9.66,38.67,48.33,9.51,3.49,R,R,4,0,0,2,34,26,23,7
523,1980,oregon,6,0,2633156.0,1929000.0,1569222.0,1181516,61.3,75.3,2,1,9.66,38.67,48.33,9.51,3.49,R,R,4,0,0,2,34,26,23,7
524,1980,pennsylvania,27,0,11864720.0,8787000.0,5754287.0,4561501,51.9,79.3,2,1,7.11,42.48,49.59,6.42,1.52,R,R,15,10,0,2,101,102,28,22
525,1980,rhode island,0,4,947154.0,710000.0,547469.0,416072,58.6,76.0,1,2,10.47,47.67,37.2,14.38,0.75,D,D,2,0,1,1,84,16,45,5
526,1980,south carolina,8,0,3120729.0,2215000.0,1235521.0,890083,40.2,72.0,2,1,1.53,48.04,49.57,1.59,0.81,D,D,4,2,1,1,108,16,42,4
527,1980,south dakota,4,0,690768.0,488000.0,447508.0,327703,67.2,73.2,2,1,28.83,31.69,60.53,6.54,1.24,R,R,1,1,1,1,22,48,11,24
528,1980,tennessee,10,0,4591023.0,3323000.0,2358809.0,1617616,48.7,68.6,2,1,0.29,48.41,48.7,2.22,0.67,R,R,5,3,1,1,60,38,20,12
529,1980,texas,26,0,14225513.0,10130000.0,6639661.0,4541637,44.8,68.4,2,1,13.86,41.42,55.28,2.46,0.84,R,R,20,4,1,1,127,23,27,4
530,1980,utah,4,0,1461037.0,935000.0,781711.0,604222,64.6,77.3,2,1,52.2,20.57,72.77,5.01,1.65,R,D,1,1,0,2,24,51,10,19
531,1980,vermont,3,0,511456.0,370000.0,311919.0,213207,57.6,68.4,2,1,5.96,38.41,44.37,14.9,2.33,R,R,0,1,1,1,69,79,10,20
532,1980,virginia,12,0,5346797.0,3930000.0,2309181.0,1866032,47.5,80.8,2,1,12.72,40.31,53.03,5.11,1.55,R,R,4,6,0,1,74,25,31,9
533,1980,washington,9,0,4132353.0,3040000.0,2236603.0,1742394,57.3,77.9,2,1,12.34,37.32,49.66,10.62,2.4,R,D,6,1,2,0,49,49,30,19
534,1980,wyoming,3,0,469557.0,332000.0,219423.0,176713,53.2,80.5,2,1,34.67,27.97,62.64,6.83,2.55,R,D,0,1,0,2,20,42,11,19
