Year,State,EV_R,EV_D,Population,Total_VAP,Total_VAC,Total_REG,Total_Vote,Perc_VAP,Perc_VAC,Perc_REG,D_placed,R_placed,O_placed,Margin,Perc_Margin,Vote_Perc_D,Vote_Perc_R,Vote_Perc_T,Vote_Perc_O,Vote_D,Vote_R,Vote_T,Vote_O
2016,Alabama,9,0,4863300,0,0,3333058,2123372,-,-,63.70,2,1,3,588708,27.73,34.36,62.08,2.09,1.46,729547,1318255,44467,31103
2016,Alaska,3,0,741894,0,0,528560,318608,-,-,60.30,2,1,3,46933,14.73,36.55,51.28,5.88,6.29,116454,163387,18725,20042
2016,Arizona,11,0,6931071,0,0,4088036,2604657,-,-,63.70,2,1,3,91234,3.50,44.58,48.08,4.08,3.25,1161167,1252401,106327,84762
2016,Arkansas,6,0,2988248,0,0,1759982,1130635,-,-,64.20,2,1,3,304378,26.92,33.65,60.57,2.64,3.13,380494,684872,29829,35440
2016,California,0,55,39250017,0,0,19411771,14237893,-,-,73.30,1,2,3,4269978,29.99,61.48,31.49,3.36,3.66,8753792,4483814,478500,521787
2016,Colorado,0,9,5540545,0,0,3840159,2780247,-,-,72.40,1,2,3,136386,4.91,48.16,43.25,5.18,3.41,1338870,1202484,144121,94772
2016,Connecticut,0,7,3576452,0,0,2357733,1644920,-,-,69.80,1,2,3,224357,13.64,54.57,40.93,2.96,1.55,897572,673215,48676,25457
2016,Delaware,0,3,952065,0,0,675663,443814,-,-,65.70,1,2,3,50476,11.37,53.09,41.71,3.33,1.88,235603,185127,14757,8327
2016,D. C.,0,3,681170,0,0,478688,311268,-,-,65.00,1,2,4,270107,86.78,90.86,4.09,1.58,3.47,282830,12723,4906,10809
2016,Florida,29,0,20612439,0,0,0,9502747,-,-,-,2,1,3,112911,1.19,47.41,48.60,2.18,1.82,4504975,4617886,207043,172843
2016,Georgia,16,0,10310371,0,0,5443046,4141447,-,-,76.10,2,1,3,211141,5.10,45.35,50.44,3.03,1.18,1877963,2089104,125306,49074
2016,Hawaii,0,3,1428557,0,0,749917,428937,-,-,57.20,1,2,3,138044,32.18,62.22,30.04,3.72,4.02,266891,128847,15954,17245
2016,Idaho,4,0,1683140,0,0,936529,690433,-,-,73.70,2,1,4,219290,31.76,27.48,59.25,4.10,9.17,189765,409055,28331,63282
2016,Illinois,0,20,12801539,0,0,8029847,5594825,-,-,69.70,1,2,3,944714,16.89,55.24,38.36,3.75,2.65,3090729,2146015,209596,148485
2016,Indiana,11,0,6633053,0,0,4829243,2757965,-,-,57.10,2,1,3,524160,19.01,37.46,56.47,4.86,1.22,1033126,1557286,133993,33560
2016,Iowa,6,0,3134693,0,0,2172985,1566031,-,-,72.10,2,1,3,147314,9.41,41.74,51.15,3.78,3.33,653669,800983,59186,52193
2016,Kansas,6,0,2907289,0,0,1817920,1194755,-,-,65.70,2,1,3,244013,20.42,35.74,56.16,4.64,3.46,427005,671018,55406,41326
2016,Kentucky,8,0,4436974,0,0,3306120,1924150,-,-,58.20,2,1,3,574117,29.84,32.68,62.52,2.79,2.00,628854,1202971,53752,38573
2016,Louisiana,8,0,4681666,0,0,3023241,2029032,-,-,67.10,2,1,3,398484,19.64,38.45,58.09,1.87,1.59,780154,1178638,37978,32262
2016,Maine,1,3,1331479,0,0,1064258,747927,-,-,70.30,1,2,3,22142,2.96,47.83,44.87,5.09,2.21,357735,335593,38105,16494
2016,Maryland,0,10,6016447,0,0,0,2781446,-,-,-,1,2,3,734759,26.42,60.33,33.91,2.86,2.90,1677928,943169,79605,80744
2016,Massachusetts,0,11,6811779,0,0,4534974,3325046,-,-,73.30,1,2,3,904303,27.20,60.01,32.81,4.15,3.04,1995196,1090893,138018,100939
2016,Michigan,16,0,9928300,0,0,7514055,4824542,-,-,64.20,2,1,3,10704,0.22,47.03,47.25,3.57,2.16,2268839,2279543,172136,104024
2016,Minnesota,0,10,5519952,0,0,3623913,2945233,-,-,81.30,1,2,3,44593,1.51,46.44,44.93,3.84,4.79,1367825,1323232,112984,141192
2016,Mississippi,6,0,2988726,0,0,2085757,1211088,-,-,58.10,2,1,3,215583,17.80,40.06,57.86,1.19,0.89,485131,700714,14435,10808
2016,Missouri,10,0,6093000,0,0,4223787,2828266,-,-,67.00,2,1,3,523443,18.51,37.87,56.38,3.44,2.31,1071068,1594511,97359,65328
2016,Montana,3,0,1042520,0,0,694370,501822,-,-,72.30,2,1,3,101531,20.23,35.41,55.65,5.59,3.35,177709,279240,28037,16836
2016,Nebraska,5,0,1907116,0,0,1211101,844227,-,-,69.70,2,1,3,211467,25.05,33.70,58.75,4.61,2.94,284494,495961,38946,24826
2016,Nevada,0,6,2940058,0,0,1679254,1125385,-,-,67.00,1,2,3,27202,2.42,47.92,45.50,3.32,3.26,539260,512058,37384,36683
2016,New Hampshire,0,4,1334795,0,0,1016926,744296,-,-,73.20,1,2,3,2736,0.37,46.83,46.46,4.14,2.58,348526,345790,30777,19203
2016,New Jersey,0,14,8944469,0,0,5808260,3906723,-,-,67.30,1,2,3,546345,13.98,54.99,41.00,1.86,2.15,2148278,1601933,72477,84035
2016,New Mexico,0,5,2081015,0,0,1289420,798319,-,-,61.90,1,2,3,65567,8.21,48.26,40.04,9.34,2.36,385234,319667,74541,18877
2016,New York,0,29,19745289,0,0,12493250,7721795,-,-,61.80,1,2,3,1736585,22.49,59.00,36.51,2.29,2.20,4556142,2819557,176600,169496
2016,North Carolina,15,0,10146788,0,0,6896349,4741564,-,-,68.80,2,1,3,173315,3.66,46.17,49.83,2.74,1.25,2189316,2362631,130126,59491
2016,North Dakota,3,0,757952,0,0,0,344360,-,-,-,2,1,3,123036,35.73,27.23,62.96,6.22,3.59,93758,216794,21434,12374
2016,Ohio,18,0,11614373,0,0,7861025,5536547,-,-,70.40,2,1,3,446837,8.07,43.24,51.31,3.15,2.29,2394169,2841006,174498,126874
2016,Oklahoma,7,0,3923561,0,0,2157450,1452992,-,-,67.30,2,1,3,528761,36.39,28.93,65.32,5.75,0.00,420375,949136,83481,0
2016,Oregon,0,7,4093465,0,0,2553806,2001336,-,-,78.40,1,2,3,219703,10.98,50.07,39.09,4.71,6.13,1002106,782403,94231,122596
2016,Pennsylvania,20,0,12784227,0,0,8722977,6166729,-,-,70.70,2,1,3,44292,0.72,47.46,48.17,2.38,1.99,2926441,2970733,146715,122840
2016,Rhode Island,0,4,1056426,0,0,770875,464144,-,-,60.20,1,2,3,71982,15.51,54.41,38.90,3.18,3.52,252525,180543,14746,16330
2016,South Carolina,9,0,4961119,0,0,3129467,2103027,-,-,67.20,2,1,3,300016,14.27,40.67,54.94,2.34,2.05,855373,1155389,49204,43061
2016,South Dakota,3,0,865454,0,0,595126,370093,-,-,62.20,2,1,3,110263,29.79,31.74,61.53,5.63,1.10,117458,227721,20850,4064
2016,Tennessee,11,0,6651194,0,0,4110318,2508027,-,-,61.00,2,1,3,652230,26.01,34.72,60.72,2.81,1.75,870695,1522925,70397,44010
2016,Texas,36,0,27862596,0,0,15101087,8993166,-,-,59.60,2,1,3,807179,8.98,43.12,52.10,3.15,1.63,3877868,4685047,283492,146759
2016,Utah,6,0,3051217,0,0,1576497,1143601,-,-,72.50,2,1,4,204555,17.89,27.17,45.05,3.46,24.32,310676,515231,39608,278086
2016,Vermont,0,3,624594,0,0,471619,315067,-,-,66.80,1,2,4,83204,26.41,56.68,30.27,3.20,9.85,178573,95369,10078,31047
2016,Virginia,0,13,8411808,0,0,5604003,3982752,-,-,71.10,1,2,3,212030,5.32,49.75,44.43,2.97,2.85,1981473,1769443,118274,113562
2016,Washington,0,8,7288000,0,0,4270270,3316996,-,-,77.70,1,2,3,520971,15.71,52.54,36.83,4.85,5.78,1742718,1221747,160879,191652
2016,West Virginia,5,0,1831102,0,0,1274887,721233,-,-,56.60,2,1,3,300577,41.68,26.18,67.85,3.19,2.78,188794,489371,23004,20064
2016,Wisconsin,10,0,5778708,0,0,3711904,2976150,-,-,80.20,2,1,3,22748,0.76,46.45,47.22,3.58,2.74,1382536,1405284,106674,81656
2016,Wyoming,3,0,585501,0,0,278042,255849,-,-,92.00,2,1,3,118446,46.30,21.88,68.17,5.19,4.76,55973,174419,13287,12170
2012,Alabama,9,0,4822023,0,0,3162135,2074338,-,-,65.60,2,1,,460229,22.19,38.36,60.55,,1.10,795696,1255925,,22717
2012,Alaska,3,0,731449,0,0,506434,300495,-,-,59.30,2,1,,42036,13.99,40.81,54.80,,4.39,122640,164676,,13179
2012,Arizona,11,0,6553255,0,0,3725362,2306559,-,-,61.90,2,1,,208422,9.04,44.45,53.48,,2.07,1025232,1233654,,47673
2012,Arkansas,6,0,2949131,0,0,1618328,1069468,-,-,66.10,2,1,,253335,23.69,36.88,60.57,,2.55,394409,647744,,27315
2012,California,0,55,38041430,0,0,18245970,13055815,-,-,71.60,1,2,,3014327,23.09,60.16,37.07,,2.77,7854285,4839958,,361572
2012,Colorado,0,9,5187582,0,0,3644344,2571846,-,-,70.60,1,2,,137859,5.36,51.45,46.09,,2.47,1323102,1185243,,63501
2012,Connecticut,0,7,3590347,0,0,2218663,1558993,-,-,70.30,1,2,,270210,17.33,58.06,40.72,,1.22,905109,634899,,18985
2012,Delaware,0,3,917092,0,0,632417,413921,-,-,65.50,1,2,,77100,18.63,58.61,39.98,,1.41,242584,165484,,5853
2012,D. C.,0,3,632323,0,0,483600,293764,-,-,60.70,1,2,,245689,83.63,90.91,7.28,,1.81,267070,21381,,5313
2012,Florida,0,29,19317568,0,0,11934446,8492175,-,-,71.20,1,2,,74309,0.88,49.90,49.03,,1.07,4237756,4163447,,90972
2012,Georgia,16,0,9919945,0,0,5428980,3908369,-,-,72.00,2,1,,304861,7.80,45.39,53.19,,1.43,1773827,2078688,,55854
2012,Hawaii,0,4,1392313,0,0,705668,434697,-,-,61.60,1,2,,185643,42.71,70.55,27.84,,1.62,306658,121015,,7024
2012,Idaho,4,0,1595728,0,0,895834,656742,-,-,73.30,2,1,,208124,31.69,32.40,64.09,,3.51,212787,420911,,23044
2012,Illinois,0,20,12875255,0,0,7520722,5251432,-,-,69.80,1,2,,884296,16.84,57.50,40.66,,1.84,3019512,2135216,,96704
2012,Indiana,11,0,6537334,0,0,4555257,2633143,-,-,57.80,2,1,,268597,10.20,43.84,54.04,,2.13,1154275,1422872,,55996
2012,Iowa,0,6,3074186,0,0,2197914,1582180,-,-,72.00,1,2,,91927,5.81,51.99,46.18,,1.83,822544,730617,,29019
2012,Kansas,6,0,2885905,0,0,1771252,1157532,-,-,65.40,2,1,,249901,21.59,38.00,59.59,,2.40,439908,689809,,27815
2012,Kentucky,8,0,4380415,0,0,3037153,1798048,-,-,59.20,2,1,,407820,22.68,37.78,60.47,,1.75,679370,1087190,,31488
2012,Louisiana,8,0,4601893,0,0,2965751,1994065,-,-,67.20,2,1,,343121,17.21,40.58,57.78,,1.64,809141,1152262,,32662
2012,Maine,0,4,1329192,0,0,1025444,713180,-,-,69.50,1,2,,109030,15.29,56.27,40.98,,2.75,401306,292276,,19598
2012,Maryland,0,10,5884563,0,0,3694527,2707327,-,-,73.30,1,2,,705975,26.08,61.97,35.90,,2.13,1677844,971869,,57614
2012,Massachusetts,0,11,6646144,0,0,4342841,3167767,-,-,72.90,1,2,,733301,23.15,60.67,37.52,,1.82,1921761,1188460,,57546
2012,Michigan,0,16,9883360,0,0,7454553,4745316,-,-,63.70,1,2,,449313,9.47,54.04,44.58,,1.38,2564569,2115256,,65491
2012,Minnesota,0,10,5379139,0,0,3611892,2936561,-,-,81.30,1,2,,225942,7.69,52.65,44.96,,2.39,1546167,1320225,,70169
2012,Mississippi,6,0,2984926,0,0,2066851,1285584,-,-,62.20,2,1,,147797,11.50,43.79,55.29,,0.92,562949,710746,,11889
2012,Missouri,10,0,6021988,0,0,4007174,2763689,-,-,69.00,2,1,,258644,9.36,44.28,53.64,,2.08,1223796,1482440,,57453
2012,Montana,3,0,1005141,0,0,681608,484484,-,-,71.10,2,1,,66089,13.64,41.66,55.30,,3.04,201839,267928,,14717
2012,Nebraska,5,0,1855525,0,0,1163871,794379,-,-,68.30,2,1,,172983,21.78,38.03,59.80,,2.17,302081,475064,,17234
2012,Nevada,0,6,2758931,0,0,1500818,1014918,-,-,67.60,1,2,,67806,6.68,52.36,45.68,,1.97,531373,463567,,19978
2012,New Hampshire,0,4,1320718,0,0,905957,710972,-,-,78.50,1,2,,39643,5.58,51.98,46.40,,1.62,369561,329918,,11493
2012,New Jersey,0,14,8864590,0,0,5497322,3651140,-,-,66.40,1,2,,647861,17.74,58.25,40.50,,1.25,2126610,1478749,,45781
2012,New Mexico,0,5,2085538,0,0,1254567,783757,-,-,62.50,1,2,,79547,10.15,52.99,42.84,,4.16,415335,335788,,32634
2012,New York,0,29,19570261,0,0,11969192,7081536,-,-,59.20,1,2,,1995381,28.18,63.35,35.17,,1.49,4485877,2490496,,105163
2012,North Carolina,15,0,9752073,0,0,6649188,4505372,-,-,67.80,2,1,,92004,2.04,48.35,50.39,,1.26,2178391,2270395,,56586
2012,North Dakota,3,0,699628,0,0,0,322627,-,-,-,2,1,,63336,19.63,38.69,58.32,,2.99,124827,188163,,9637
2012,Ohio,0,18,11544225,0,0,7987203,5590934,-,-,70.00,1,2,,166272,2.97,50.58,47.60,,1.82,2827709,2661437,,101788
2012,Oklahoma,7,0,3814820,0,0,2114713,1334872,-,-,63.10,2,1,,447778,33.54,33.23,66.77,,0.00,443547,891325,,0
2012,Oregon,0,7,3899353,0,0,2199360,1789270,-,-,81.40,1,2,,216313,12.09,54.24,42.15,,3.61,970488,754175,,64607
2012,Pennsylvania,0,20,12763536,0,0,8508015,5755620,-,-,67.60,1,2,,309840,5.38,51.95,46.57,,1.48,2990274,2680434,,84912
2012,Rhode Island,0,4,1050292,0,0,732860,446049,-,-,60.90,1,2,,122473,27.46,62.70,35.24,,2.06,279677,157204,,9168
2012,South Carolina,9,0,4723723,0,0,2875496,1964118,-,-,68.30,2,1,,205704,10.47,44.09,54.56,,1.35,865941,1071645,,26532
2012,South Dakota,3,0,833354,0,0,581753,363815,-,-,62.50,2,1,,65571,18.02,39.87,57.89,,2.24,145039,210610,,8166
2012,Tennessee,11,0,6456243,0,0,4013242,2460904,-,-,61.30,2,1,,501621,20.38,39.04,59.42,,1.54,960709,1462330,,37865
2012,Texas,38,0,26059203,0,0,13646226,7999657,-,-,58.60,2,1,,1261719,15.77,41.35,57.13,,1.52,3308124,4569843,,121690
2012,Utah,6,0,2855287,0,0,1513241,1020861,-,-,67.50,2,1,,488787,47.88,24.67,72.55,,2.79,251813,740600,,28448
2012,Vermont,0,3,626011,0,0,461237,299290,-,-,64.90,1,2,,106541,35.60,66.57,30.97,,2.46,199239,92698,,7353
2012,Virginia,0,13,8185867,0,0,5428833,3854489,-,-,71.00,1,2,,149298,3.87,51.16,47.28,,1.56,1971820,1822522,,60147
2012,Washington,0,12,6897012,0,0,3904959,3145958,-,-,80.60,1,2,,464726,14.77,55.80,41.03,,3.18,1755396,1290670,,99892
2012,West Virginia,5,0,1855413,0,0,1246559,672119,-,-,53.90,2,1,,179386,26.69,35.45,62.14,,2.41,238269,417655,,16195
2012,Wisconsin,0,10,5726398,0,0,3644205,3068434,-,-,84.20,1,2,,213019,6.94,52.83,45.89,,1.29,1620985,1407966,,39483
2012,Wyoming,3,0,576412,0,0,240438,249061,-,-,103.60,2,1,,101676,40.82,27.82,68.64,,3.54,69286,170962,,8813
2008,Alabama,9,0,4661900,3497000,0,2841195,2099819,60.00,-,73.90,2,1,,453067,21.58,38.74,60.32,,0.94,813479,1266546,,19794
2008,Alaska,3,0,686293,488000,0,495731,326197,66.80,-,65.80,2,1,,70247,21.54,37.89,59.42,,2.69,123594,193841,,8762
2008,Arizona,10,0,6500180,4688000,0,2987451,2303838,49.10,-,77.10,2,1,,195404,8.48,44.91,53.39,,1.69,1034707,1230111,,39020
2008,Arkansas,6,0,2855390,2108000,0,1684240,1086617,51.50,-,64.50,2,1,,215707,19.85,38.86,58.72,,2.42,422310,638017,,26290
2008,California,0,55,36756666,26993000,0,17304091,13583083,50.30,-,78.50,1,2,,3262692,24.02,60.92,36.90,,2.19,8274473,5011781,,296829
2008,Colorado,0,9,4939456,3694000,0,2637014,2401462,65.00,-,91.10,1,2,,215004,8.95,53.66,44.71,,1.63,1288633,1073629,,39200
2008,Connecticut,0,7,3501252,2651000,0,2104989,1646793,62.10,-,78.20,1,2,,368345,22.37,60.59,38.22,,1.19,997773,629428,,19592
2008,Delaware,0,3,873092,648000,0,602317,412616,63.70,-,68.50,1,2,,103085,24.98,61.91,36.93,,1.16,255459,152374,,4783
2008,D. C.,0,3,591833,469000,0,426761,265853,56.70,-,62.30,1,2,,228433,85.92,92.46,6.53,,1.01,245800,17367,,2686
2008,Florida,0,27,18328340,14069000,0,11247634,8412248,59.80,-,74.80,1,2,,236148,2.81,50.91,48.10,,0.99,4282367,4046219,,83662
2008,Georgia,15,0,9685744,7018000,0,5309342,3932158,56.00,-,74.10,2,1,,204636,5.20,46.90,52.10,,1.00,1844123,2048759,,39276
2008,Hawaii,0,4,1288198,977000,0,691356,453568,46.40,-,65.60,1,2,,205305,45.26,71.85,26.58,,1.57,325871,120566,,7131
2008,Idaho,4,0,1523816,1095000,0,863538,658454,60.10,-,76.30,2,1,,166572,25.30,35.91,61.21,,2.89,236440,403012,,19002
2008,Illinois,0,21,12901563,9521000,0,7789500,5530179,58.10,-,71.00,1,2,,1388169,25.10,61.83,36.73,,1.44,3419348,2031179,,79652
2008,Indiana,0,11,6376792,4686000,0,4514759,2756658,58.80,-,61.10,1,2,,28391,1.03,49.84,48.81,,1.34,1374039,1345648,,36971
2008,Iowa,0,7,3002555,2244000,0,2105531,1537123,68.50,-,73.00,1,2,,146561,9.53,53.93,44.39,,1.68,828940,682379,,25804
2008,Kansas,6,0,2802134,2037000,0,1749759,1238873,60.80,-,70.80,2,1,,184890,14.92,41.55,56.48,,1.97,514765,699655,,24453
2008,Kentucky,8,0,4269245,3179000,0,2906809,1827587,57.50,-,62.90,2,1,,296477,16.22,41.15,57.37,,1.49,751985,1048462,,27140
2008,Louisiana,9,0,4410796,3161000,0,2945618,1960761,62.00,-,66.60,2,1,,365286,18.63,39.93,58.56,,1.50,782989,1148275,,29497
2008,Maine,0,4,1316456,1020000,0,994153,731163,71.70,-,73.50,1,2,,126650,17.32,57.71,40.38,,1.91,421923,295273,,13967
2008,Maryland,0,10,5633597,4218000,0,3428935,2631596,62.40,-,76.70,1,2,,669605,25.44,61.92,36.47,,1.61,1629467,959862,,42267
2008,Massachusetts,0,12,6497967,4962000,0,4220488,3081069,62.10,-,73.00,1,2,,795244,25.81,61.80,35.99,,2.21,1904098,1108854,,68117
2008,Michigan,0,17,10003422,7487000,0,7470764,5010606,66.90,-,67.10,1,2,,823940,16.44,57.33,40.89,,1.78,2872579,2048639,,89388
2008,Minnesota,0,10,5220393,3898000,0,3742238,2910369,74.70,-,77.80,1,2,,297945,10.24,54.06,43.82,,2.12,1573354,1275409,,61606
2008,Mississippi,6,0,2938618,2109000,0,1895583,1289939,61.20,-,68.00,2,1,,169935,13.17,43.00,56.17,,0.83,554662,724597,,10680
2008,Missouri,11,0,5911605,4430000,0,3795956,2929111,66.10,-,77.20,2,1,,3903,0.13,49.23,49.36,,1.41,1441911,1445814,,41386
2008,Montana,3,0,967440,731000,0,668085,492750,67.40,-,73.80,2,1,,11723,2.38,47.11,49.49,,3.39,232159,243882,,16709
2008,Nebraska,4,1,1783432,1308000,0,1157345,801281,61.30,-,69.20,2,1,,119660,14.93,41.60,56.53,,1.87,333319,452979,,14983
2008,Nevada,0,5,2600167,1946000,0,1207761,967848,49.70,-,80.10,1,2,,120909,12.49,55.15,42.65,,2.20,533736,412827,,21285
2008,New Hampshire,0,4,1315809,1015000,0,958528,710970,70.00,-,74.20,1,2,,68292,9.61,54.13,44.52,,1.35,384826,316534,,9610
2008,New Jersey,0,15,8682661,6489000,0,5351669,3877407,59.80,-,72.50,1,2,,602215,15.53,57.14,41.61,,1.26,2215422,1613207,,48778
2008,New Mexico,0,5,1984356,1473000,0,1192990,830158,56.40,-,69.60,1,2,,125590,15.13,56.91,41.78,,1.31,472422,346832,,10904
2008,New York,0,31,19490297,14665000,0,10816500,7640948,52.10,-,70.60,1,2,,2052174,26.86,62.88,36.03,,1.09,4804945,2752771,,83232
2008,North Carolina,0,15,9222414,6845000,0,6226204,4310789,63.00,-,69.20,1,2,,14177,0.33,49.70,49.38,,0.92,2142651,2128474,,39664
2008,North Dakota,3,0,641481,484000,0,0,317738,65.60,-,-,2,1,,27484,8.65,44.50,53.15,,2.34,141403,168887,,7448
2008,Ohio,0,20,11485910,8499000,0,8287665,5721831,67.30,-,69.00,1,2,,262224,4.58,51.38,46.80,,1.82,2940044,2677820,,103967
2008,Oklahoma,7,0,3642361,2667000,0,2184092,1462661,54.80,-,67.00,2,1,,457669,31.29,34.35,65.65,,0.00,502496,960165,,0
2008,Oregon,0,7,3790060,2904000,0,2153914,1827864,62.90,-,84.90,1,2,,298816,16.35,56.75,40.40,,2.85,1037291,738475,,52098
2008,Pennsylvania,0,21,12448279,9449000,0,8755588,6015476,63.70,-,68.70,1,2,,620478,10.31,54.47,44.15,,1.38,3276363,2655885,,83228
2008,Rhode Island,0,4,1050788,804000,0,701307,471766,58.70,-,67.30,1,2,,131180,27.81,62.86,35.06,,2.08,296571,165391,,9804
2008,South Carolina,8,0,4479800,3313000,0,2580175,1920969,58.00,-,74.50,2,1,,172447,8.98,44.90,53.87,,1.23,862449,1034896,,23624
2008,South Dakota,3,0,804194,590000,0,530462,381975,64.70,-,72.00,2,1,,32130,8.41,44.75,53.16,,2.09,170924,203054,,7997
2008,Tennessee,11,0,6214888,4692000,0,3621633,2601982,55.50,-,71.80,2,1,,391741,15.06,41.79,56.85,,1.36,1087437,1479178,,35367
2008,Texas,34,0,24326974,17295000,0,11677018,8087791,46.80,-,69.30,2,1,,950695,11.75,43.63,55.38,,0.99,3528633,4479328,,79830
2008,Utah,5,0,2736424,1859000,0,1432525,958996,51.60,-,66.90,2,1,,268360,27.98,34.17,62.15,,3.68,327670,596030,,35296
2008,Vermont,0,3,621270,487000,0,454466,325046,66.70,-,71.50,1,2,,120288,37.01,67.46,30.45,,2.10,219262,98974,,6810
2008,Virginia,0,13,7769089,5720000,0,4912971,3723260,65.10,-,75.80,1,2,,234527,6.30,52.63,46.33,,1.04,1959532,1725005,,38723
2008,Washington,0,11,6549224,4912000,0,3630118,3053261,62.20,-,84.10,1,2,,521632,17.08,57.34,40.26,,2.40,1750848,1229216,,73197
2008,West Virginia,5,0,1814468,1395000,0,1212117,715123,51.30,-,59.00,2,1,,93609,13.09,42.49,55.58,,1.93,303857,397466,,13800
2008,Wisconsin,0,10,5627967,4212000,0,0,2983417,70.80,-,-,1,2,,414818,13.90,56.22,42.31,,1.47,1677211,1262393,,43813
2008,Wyoming,3,0,532668,397000,0,244818,254658,64.10,-,104.00,2,1,,82090,32.24,32.54,64.78,,2.68,82868,164958,,6832
2004,Alabama,9,0,4530182,3393000,0,2597629,1883449,55.50,-,72.50,2,1,,482461,25.62,36.84,62.46,,0.70,693933,1176394,,13122
2004,Alaska,3,0,655435,460000,0,472160,312598,68.00,-,66.20,2,1,,79864,25.55,35.52,61.07,,3.42,111025,190889,,10684
2004,Arizona,10,0,5743834,4061000,0,2643331,2016102,49.60,-,76.30,2,1,,210770,10.45,44.32,54.77,,0.91,893524,1104294,,18284
2004,Arkansas,6,0,2752629,2044000,0,1684684,1054945,51.60,-,62.60,2,1,,102945,9.76,44.55,54.31,,1.15,469953,572898,,12094
2004,California,0,55,35893799,26064000,0,16557273,12421859,47.70,-,75.00,1,2,,1235659,9.95,54.30,44.36,,1.34,6745485,5509826,,166548
2004,Colorado,9,0,4601403,3398000,0,2404597,2130325,62.70,-,88.60,2,1,,99531,4.67,47.02,51.69,,1.28,1001725,1101256,,27344
2004,Connecticut,0,7,3503604,2648000,0,2044181,1578769,59.60,-,77.20,1,2,,163662,10.37,54.31,43.95,,1.74,857488,693826,,27455
2004,Delaware,0,3,830364,619000,0,554194,375270,60.60,-,67.70,1,2,,28492,7.59,53.34,45.74,,0.92,200152,171660,,3458
2004,D. C.,0,3,553523,455000,0,383919,227586,50.00,-,59.30,1,2,,181714,79.84,89.18,9.34,,1.48,202970,21256,,3360
2004,Florida,27,0,17397161,13095000,0,10301290,7609810,58.10,-,73.90,2,1,,380978,5.01,47.09,52.10,,0.81,3583544,3964522,,61744
2004,Georgia,15,0,8829383,6388000,0,4158508,3304481,51.70,-,79.50,2,1,,548105,16.59,41.34,57.93,,0.73,1366149,1914254,,24078
2004,Hawaii,0,4,1262840,960000,0,647238,429013,44.70,-,66.30,1,2,,37517,8.74,54.01,45.26,,0.73,231708,194191,,3114
2004,Idaho,4,0,1393262,994000,0,798015,598447,60.20,-,75.00,2,1,,228137,38.12,30.26,68.38,,1.36,181098,409235,,8114
2004,Illinois,0,21,12713634,9423000,0,7499488,5274322,56.00,-,70.30,1,2,,545604,10.34,54.82,44.48,,0.70,2891550,2345946,,36826
2004,Indiana,11,0,6237569,4592000,0,4296602,2468002,53.70,-,57.40,2,1,,510427,20.68,39.26,59.94,,0.79,969011,1479438,,19553
2004,Iowa,7,0,2954451,2251000,0,1986006,1506908,66.90,-,75.90,2,1,,10059,0.67,49.23,49.90,,0.87,741898,751957,,13053
2004,Kansas,6,0,2735502,2028000,0,1694365,1187756,58.60,-,70.10,2,1,,301463,25.38,36.62,62.00,,1.37,434993,736456,,16307
2004,Kentucky,8,0,4145922,3124000,0,2794286,1796079,57.50,-,64.30,2,1,,356706,19.86,39.68,59.54,,0.77,712733,1069439,,13907
2004,Louisiana,9,0,4515770,3319000,0,2923395,1943106,58.50,-,66.50,2,1,,281870,14.51,42.22,56.72,,1.06,820299,1102169,,20638
2004,Maine,0,4,1317253,1019000,0,1023956,740752,72.70,-,72.30,1,2,,66641,9.00,53.57,44.58,,1.85,396842,330201,,13709
2004,Maryland,0,10,5558058,4131000,0,3070099,2386678,57.80,-,77.70,1,2,,309790,12.98,55.91,42.93,,1.15,1334493,1024703,,27482
2004,Massachusetts,0,12,6416505,4946000,0,4098634,2912388,58.90,-,71.10,1,2,,732691,25.16,61.94,36.78,,1.29,1803800,1071109,,37479
2004,Michigan,0,17,10112620,7541000,0,7164047,4839252,64.20,-,67.50,1,2,,165437,3.42,51.23,47.81,,0.96,2479183,2313746,,46323
2004,Minnesota,0,9,5100958,3811000,0,3559400,2828387,74.20,-,79.50,1,2,,98319,3.48,51.09,47.61,,1.30,1445014,1346695,,36678
2004,Mississippi,6,0,2902966,2120000,0,1802024,1152365,54.40,-,63.90,2,1,,226887,19.69,39.75,59.44,,0.81,458094,684981,,9290
2004,Missouri,11,0,5754618,4297000,0,4194146,2731364,63.60,-,65.10,2,1,,196542,7.20,46.10,53.30,,0.60,1259171,1455713,,16480
2004,Montana,3,0,926865,702000,0,638474,450445,64.20,-,70.60,2,1,,92353,20.50,38.56,59.07,,2.37,173710,266063,,10672
2004,Nebraska,5,0,1747214,1298000,0,1160193,778186,60.00,-,67.10,2,1,,258486,33.22,32.68,65.90,,1.42,254328,512814,,11044
2004,Nevada,5,0,2334771,1660000,0,1071101,829587,50.00,-,77.50,2,1,,21500,2.59,47.88,50.47,,1.65,397190,418690,,13707
2004,New Hampshire,0,4,1299500,981000,0,855861,677738,69.10,-,79.20,1,2,,9274,1.37,50.24,48.87,,0.88,340511,331237,,5990
2004,New Jersey,0,15,8698879,6507000,0,5005959,3612137,55.50,-,72.20,1,2,,241427,6.68,52.92,46.23,,0.85,1911430,1670003,,30704
2004,New Mexico,5,0,1903289,1373000,0,1105372,756304,55.10,-,68.40,2,1,,5988,0.79,49.05,49.84,,1.11,370942,376930,,8432
2004,New York,0,31,19227088,14657000,0,11837068,7391954,50.40,-,62.40,1,2,,1351713,18.29,58.36,40.08,,1.56,4314280,2962567,,115107
2004,North Carolina,15,0,8541221,6320000,0,5472854,3501007,55.40,-,64.00,2,1,,435317,12.43,43.58,56.02,,0.40,1525849,1961166,,13992
2004,North Dakota,3,0,634366,487000,0,0,312833,64.20,-,-,2,1,,85599,27.36,35.50,62.86,,1.64,111052,196651,,5130
2004,Ohio,20,0,11459011,8621000,0,7972826,5627908,65.30,-,70.60,2,1,,118601,2.11,48.71,50.81,,0.48,2741167,2859768,,26973
2004,Oklahoma,7,0,3523553,2633000,0,2143978,1463758,55.60,-,68.30,2,1,,455826,31.14,34.43,65.57,,0.00,503966,959792,,0
2004,Oregon,0,7,3594586,2710000,0,2141249,1836782,67.80,-,85.80,1,2,,76332,4.16,51.35,47.19,,1.46,943163,866831,,26788
2004,Pennsylvania,0,21,12406292,9535000,0,8366663,5769590,60.50,-,69.00,1,2,,144248,2.50,50.92,48.42,,0.65,2938095,2793847,,37648
2004,Rhode Island,0,4,1080632,832000,0,709050,437134,52.50,-,61.70,1,2,,90714,20.75,59.42,38.67,,1.91,259760,169046,,8328
2004,South Carolina,8,0,4198068,3124000,0,2315462,1617730,51.80,-,69.90,2,1,,276275,17.08,40.90,57.98,,1.12,661699,937974,,18057
2004,South Dakota,3,0,770883,569000,0,502261,388215,68.20,-,77.30,2,1,,83340,21.47,38.44,59.91,,1.65,149244,232584,,6387
2004,Tennessee,11,0,5900962,4447000,0,3336478,2434949,54.80,-,73.00,2,1,,348176,14.30,42.51,56.81,,0.68,1035160,1383336,,16453
2004,Texas,34,0,22490022,15878000,0,11000678,7410765,46.70,-,67.40,2,1,,1694213,22.86,38.22,61.09,,0.69,2832704,4526917,,51144
2004,Utah,5,0,2389039,1609000,0,1278251,927844,57.70,-,72.60,2,1,,422543,45.54,26.00,71.54,,2.47,241199,663742,,22903
2004,Vermont,0,3,621394,482000,0,444508,312309,64.80,-,70.30,1,2,,62887,20.14,58.94,38.80,,2.26,184067,121180,,7062
2004,Virginia,13,0,7459827,5588000,0,4181609,3198367,57.20,-,76.50,2,1,,262217,8.20,45.48,53.68,,0.83,1454742,1716959,,26666
2004,Washington,0,11,6203788,4635000,0,3508208,2861713,61.70,-,81.60,1,2,,205307,7.17,52.77,45.60,,1.63,1510201,1304894,,46618
2004,West Virginia,5,0,1815354,1419000,0,1168694,755887,53.30,-,64.70,2,1,,97237,12.86,43.20,56.06,,0.74,326541,423778,,5568
2004,Wisconsin,0,10,5509026,4139000,0,0,2997007,72.40,-,-,1,2,,11384,0.38,49.70,49.32,,0.98,1489504,1478120,,29383
2004,Wyoming,3,0,506529,380000,0,232396,243428,64.10,-,104.70,2,1,,96853,39.79,29.07,68.86,,2.06,70776,167629,,5023
2000,Alabama,9,0,4447100,3324488,3276570,2528963,1672551,50.30,51.00,66.10,2,1,3,248807,14.88,41.59,56.47,1.10,0.85,695602,944409,18349,14191
2000,Alaska,3,0,626932,436425,421983,473648,285560,65.40,67.70,60.30,2,1,3,88394,30.95,27.67,58.62,10.07,3.65,79004,167398,28747,10411
2000,Arizona,8,0,5130632,3767931,3387552,2173122,1534113,40.70,45.30,70.60,2,1,3,96311,6.28,44.67,50.95,2.98,1.40,685341,781652,45645,21475
2000,Arkansas,6,0,2673400,1993342,1950712,1555809,921781,46.20,47.30,59.20,2,1,3,50172,5.44,45.86,51.31,1.46,1.37,422768,472940,13421,12652
2000,California,0,54,33871648,24650185,20011574,15707307,10965856,44.50,54.80,69.80,1,2,3,1293774,11.80,53.45,41.65,3.82,1.08,5861203,4567429,418707,118517
2000,Colorado,8,0,4301261,3204471,2993981,2641990,1741365,54.30,58.20,65.90,2,1,3,145518,8.36,42.39,50.75,5.25,1.61,738227,883745,91434,27959
2000,Connecticut,0,8,3405565,2565991,2401238,1901203,1459525,56.90,60.80,76.80,1,2,3,254921,17.47,55.91,38.44,4.42,1.23,816015,561094,64452,17964
2000,Delaware,0,3,783600,589638,567739,503614,327622,55.60,57.70,65.10,1,2,3,42780,13.06,54.96,41.90,2.54,0.60,180068,137288,8307,1959
2000,D. C.,0,2,572059,457727,411044,354410,201894,44.10,49.10,57.00,1,2,3,153850,76.20,85.16,8.95,5.24,0.65,171923,18073,10576,1322
2000,Florida,25,0,15982378,12347806,11081542,8752717,5963110,48.30,53.80,68.10,2,1,3,537,0.01,48.84,48.85,1.63,0.68,2912253,2912790,97488,40579
2000,Georgia,13,0,8186453,6020679,5675210,3856676,2596804,43.10,45.80,67.30,2,1,4,303490,11.69,42.98,54.67,0.52,1.83,1116230,1419720,13432,47422
2000,Hawaii,0,4,1211537,917065,842507,637349,367951,40.10,43.70,57.70,1,2,3,67441,18.33,55.79,37.46,5.88,0.87,205286,137845,21623,3197
2000,Idaho,4,0,1293953,925822,891064,728085,501621,54.20,56.30,68.90,2,1,3,198300,39.53,27.64,67.17,2.45,2.74,138637,336937,12292,13755
2000,Illinois,0,22,12419293,9180064,8387117,7129026,4742123,51.70,56.50,66.50,1,2,3,569605,12.01,54.60,42.58,2.19,0.63,2589026,2019421,103759,29917
2000,Indiana,12,0,6080485,4507679,4409194,3994910,2199302,48.80,49.90,55.10,2,1,3,343856,15.63,41.01,56.65,0.84,1.50,901980,1245836,18531,32955
2000,Iowa,0,7,2926324,2193990,2143474,1841346,1315563,60.00,61.40,71.40,1,2,3,4144,0.31,48.54,48.22,2.23,1.01,638517,634373,29374,13299
2000,Kansas,6,0,2688418,1977198,1902932,1623623,1072216,54.20,56.30,66.00,2,1,3,223056,20.80,37.24,58.04,3.37,1.35,399276,622332,36086,14522
2000,Kentucky,8,0,4041769,3047928,3003225,2556815,1544187,50.70,51.40,60.40,2,1,3,233594,15.13,41.37,56.50,1.50,0.62,638898,872492,23192,9605
2000,Louisiana,9,0,4468976,3250523,3198079,2796551,1765656,54.30,55.20,63.10,2,1,3,135527,7.68,44.88,52.55,1.16,1.41,792344,927871,20473,24968
2000,Maine,0,4,1274923,973945,959368,947189,651817,66.90,67.90,68.80,1,2,3,33335,5.11,49.09,43.97,5.70,1.25,319951,286616,37127,8123
2000,Maryland,0,10,5296486,3943067,3698493,2719636,2025480,51.40,54.80,74.50,1,2,3,331985,16.39,56.57,40.18,2.65,0.60,1145782,813797,53768,12133
2000,Massachusetts,0,12,6349097,4853130,4471379,4008627,2702984,55.70,60.50,67.40,1,2,3,737985,27.30,59.80,32.50,6.42,1.27,1616487,878502,173564,34431
2000,Michigan,0,18,9938444,7345849,7106102,6859332,4232711,57.60,59.60,61.70,1,2,3,217279,5.13,51.28,46.14,1.99,0.59,2170418,1953139,84165,24989
2000,Minnesota,0,10,4919479,3632940,3501681,3265324,2438685,67.10,69.60,74.70,1,2,3,58607,2.40,47.91,45.50,5.20,1.40,1168266,1109659,126696,34064
2000,Mississippi,7,0,2844658,2070254,2049386,1739858,994926,48.10,48.50,57.20,2,1,3,168266,16.91,40.70,57.62,0.82,0.86,404964,573230,8126,8606
2000,Missouri,11,0,5595211,4169109,4094716,3860672,2359892,56.60,57.60,61.10,2,1,3,78786,3.34,47.08,50.42,1.63,0.86,1111138,1189924,38515,20315
2000,Montana,3,0,902195,672251,666228,698260,410997,61.10,61.70,58.90,2,1,3,103052,25.07,33.36,58.44,5.95,2.25,137126,240178,24437,9256
2000,Nebraska,5,0,1711263,1261648,1219908,1085217,697019,55.20,57.10,64.20,2,1,3,202082,28.99,33.25,62.25,3.52,0.98,231780,433862,24540,6837
2000,Nevada,4,0,1998257,1488526,1317914,874304,608970,40.90,46.20,69.70,2,1,3,21597,3.55,45.98,49.52,2.46,2.04,279978,301575,15008,12409
2000,New Hampshire,4,0,1235786,926885,902521,854694,569081,61.40,63.10,66.60,2,1,3,7211,1.27,46.80,48.07,3.90,1.23,266348,273559,22198,6976
2000,New Jersey,0,15,8414350,6332876,5645884,4710768,3187226,50.30,56.50,67.70,1,2,3,504677,15.83,56.13,40.29,2.97,0.62,1788850,1284173,94554,19649
2000,New Mexico,0,5,1819046,1311478,1230736,973533,598605,45.60,48.60,61.50,1,2,3,366,0.06,47.91,47.85,3.55,0.69,286783,286417,21251,4154
2000,New York,0,33,18976457,14302266,12476046,11262816,6831178,47.80,54.80,60.70,1,2,3,1708115,25.00,60.22,35.22,3.58,0.99,4113791,2405676,244398,67313
2000,North Carolina,14,0,8049313,6087996,5820423,5122123,2911262,47.80,50.00,56.80,2,1,0,373471,12.83,43.20,56.03,0.00,0.77,1257692,1631163,0,22407
2000,North Dakota,3,0,642200,481301,475801,0,288267,59.90,60.60,-,2,1,3,79568,27.60,33.05,60.66,3.29,3.00,95284,174852,9497,8634
2000,Ohio,21,0,11353140,8467999,8322126,7535186,4705457,55.60,56.50,62.40,2,1,3,165019,3.51,46.46,49.97,2.50,1.07,2186190,2351209,117857,50201
2000,Oklahoma,8,0,3450654,2560390,2487713,2233602,1234229,48.20,49.60,55.30,2,1,0,270061,21.88,38.43,60.31,0.00,1.27,474276,744337,0,15616
2000,Oregon,0,7,3421399,2577129,2415985,1954006,1533968,59.50,63.50,78.50,1,2,3,6765,0.44,46.96,46.52,5.04,1.48,720342,713577,77357,22692
2000,Pennsylvania,0,23,12281054,9362066,9147224,7781997,4913119,52.50,53.70,63.10,1,2,3,204840,4.17,50.60,46.43,2.10,0.87,2485967,2281127,103392,42633
2000,Rhode Island,0,4,1048319,800810,746333,671612,409112,51.10,54.80,60.90,1,2,3,118953,29.08,60.99,31.91,6.12,0.98,249508,130555,25052,3997
2000,South Carolina,8,0,4012012,3002919,2939606,2266199,1383777,46.10,47.10,61.10,2,1,3,220387,15.93,40.91,56.83,1.47,0.80,566039,786426,20279,11033
2000,South Dakota,3,0,754844,552118,545573,471152,316269,57.30,58.00,67.10,2,1,0,71896,22.73,37.56,60.30,0.00,2.14,118804,190700,0,6765
2000,Tennessee,11,0,5689283,4292047,4202518,3181108,2076181,48.40,49.40,65.30,2,1,3,80229,3.86,47.28,51.15,0.95,0.61,981720,1061949,19781,12731
2000,Texas,32,0,20851820,14977837,13299845,10267639,6407637,42.80,48.20,62.40,2,1,3,1365893,21.32,37.98,59.30,2.15,0.57,2433746,3799639,137994,36258
2000,Utah,5,0,2233169,1516338,1425658,1123238,770754,50.80,54.10,68.60,2,1,3,312043,40.49,26.34,66.83,4.65,2.17,203053,515096,35850,16755
2000,Vermont,0,3,608827,461248,451982,427354,294308,63.80,65.10,68.90,1,2,3,29247,9.94,50.63,40.70,6.92,1.75,149022,119775,20374,5137
2000,Virginia,13,0,7078515,5342691,5051517,3770872,2739447,51.30,54.20,72.60,2,1,3,220200,8.04,44.44,52.47,2.17,0.92,1217290,1437490,59398,25269
2000,Washington,0,11,5894121,4384341,4088019,3335714,2488745,56.80,60.90,74.60,1,2,3,138788,5.58,50.13,44.56,4.14,1.17,1247652,1108864,103002,29227
2000,West Virginia,5,0,1808344,1406569,1398620,1066349,648124,46.10,46.30,60.80,2,1,3,40978,6.32,45.59,51.92,1.65,0.84,295497,336475,10680,5472
2000,Wisconsin,0,11,5363675,3996289,3900470,0,2598607,65.00,66.60,-,1,2,3,5708,0.22,47.83,47.61,3.62,0.93,1242987,1237279,94070,24271
2000,Wyoming,3,0,493782,365685,360316,220012,218351,59.70,60.60,99.20,2,1,3,87466,40.06,27.70,67.76,2.12,2.43,60481,147947,4625,5298
1996,Alabama,9,0,4331102,3220000,0,2470766,1534349,47.70,-,62.10,2,1,3,106879,6.97,43.16,50.12,6.01,0.72,662165,769044,92149,10991
1996,Alaska,3,0,608569,425000,0,414815,241620,56.90,-,58.20,2,1,3,42366,17.53,33.27,50.80,10.90,5.03,80380,122746,26333,12161
1996,Arizona,0,8,4586940,3145000,0,2244672,1404405,44.70,-,62.60,1,2,3,31215,2.22,46.52,44.29,7.98,1.21,653288,622073,112072,16972
1996,Arkansas,0,6,2572109,1873000,0,1369459,884262,47.20,-,64.60,1,2,3,149755,16.94,53.74,36.80,7.90,1.56,475171,325416,69884,13791
1996,California,0,54,32018834,22826000,0,15662075,10019484,43.90,-,64.00,1,2,3,1291455,12.89,51.10,38.21,6.96,3.73,5119835,3828380,697847,373422
1996,Colorado,8,0,3919972,2862000,0,2284822,1510704,52.80,-,66.10,2,1,3,20696,1.37,44.43,45.80,6.59,3.18,671152,691848,99629,48075
1996,Connecticut,0,8,3336685,2479000,0,1881323,1392614,56.20,-,74.00,1,2,3,252631,18.14,52.83,34.69,10.02,2.46,735740,483109,139523,34242
1996,Delaware,0,3,740977,548000,0,419695,271084,49.50,-,64.60,1,2,3,41293,15.23,51.78,36.54,10.59,1.09,140355,99062,28719,2948
1996,D. C.,0,3,572377,422000,0,361419,185726,44.00,-,51.40,1,2,4,140881,75.85,85.19,9.34,1.94,3.53,158220,17339,3611,6556
1996,Florida,0,25,14853360,11043000,0,8077877,5303794,48.00,-,65.70,1,2,3,302334,5.70,48.02,42.32,9.12,0.54,2546870,2244536,483870,28518
1996,Georgia,13,0,7501069,5418000,0,3810028,2299071,42.40,-,60.30,2,1,3,26994,1.17,45.84,47.01,6.37,0.78,1053849,1080843,146337,18042
1996,Hawaii,0,4,1203755,890000,0,544916,360120,40.50,-,66.10,1,2,3,91069,25.29,56.93,31.64,7.60,3.83,205012,113943,27358,13807
1996,Idaho,4,0,1203083,858000,0,700430,491719,57.30,-,70.20,2,1,3,91152,18.54,33.65,52.18,12.71,1.46,165443,256595,62518,7163
1996,Illinois,0,22,12101997,8754000,0,6663301,4311391,49.30,-,64.70,1,2,3,754723,17.51,54.32,36.81,8.03,0.84,2341744,1587021,346408,36218
1996,Indiana,12,0,5906013,4374000,0,3488088,2135842,48.80,-,61.20,2,1,3,119269,5.58,41.55,47.13,10.50,0.82,887424,1006693,224299,17426
1996,Iowa,0,7,2880000,2138000,0,1757484,1234075,57.70,-,70.20,1,2,3,127614,10.34,50.26,39.92,8.52,1.30,620258,492644,105159,16014
1996,Kansas,6,0,2614554,1897000,0,1439999,1074300,56.60,-,74.60,2,1,3,195586,18.21,36.08,54.29,8.62,1.00,387659,583245,92639,10757
1996,Kentucky,0,8,3919535,2928000,0,2391190,1388708,47.40,-,58.10,1,2,3,13331,0.96,45.84,44.88,8.67,0.61,636614,623283,120396,8415
1996,Louisiana,0,9,4398877,3131000,0,2559352,1783959,57.00,-,69.70,1,2,3,215251,12.07,52.01,39.94,6.91,1.13,927837,712586,123293,20243
1996,Maine,0,4,1249060,945000,0,1001292,605897,64.10,-,60.50,1,2,3,126410,20.86,51.62,30.76,14.19,3.43,312788,186378,85970,20761
1996,Maryland,0,10,5111986,3820000,0,2577200,1780870,46.60,-,69.10,1,2,3,284677,15.99,54.25,38.27,6.50,0.97,966207,681530,115812,17321
1996,Massachusetts,0,12,6179756,4649000,0,3462632,2556785,55.00,-,73.80,1,2,3,853656,33.39,61.47,28.09,8.89,1.55,1571763,718107,227217,39698
1996,Michigan,0,18,9758645,7072000,0,6677079,3848844,54.40,-,57.60,1,2,3,508441,13.21,51.69,38.48,8.75,1.07,1989653,1481212,336670,41309
1996,Minnesota,0,10,4712827,3412001,0,3067802,2192640,64.30,-,71.50,1,2,3,353962,16.14,51.10,34.96,11.75,2.19,1120438,766476,257704,48022
1996,Mississippi,7,0,2748085,1967000,0,1715913,893857,45.40,-,52.10,2,1,3,45816,5.13,44.08,49.21,5.84,0.87,394022,439838,52222,7775
1996,Missouri,0,11,5431553,3995000,0,3342849,2158065,54.00,-,64.60,1,2,3,135919,6.30,47.54,41.24,10.06,1.16,1025935,890016,217188,24926
1996,Montana,3,0,886254,656000,0,590751,407261,62.10,-,68.90,2,1,3,11730,2.88,41.23,44.11,13.56,1.09,167922,179652,55229,4458
1996,Nebraska,5,0,1673740,1211000,0,1015056,677415,55.90,-,66.70,2,1,3,126706,18.70,34.95,53.65,10.52,0.87,236761,363467,71278,5909
1996,Nevada,0,4,1666320,1212000,0,778092,464279,38.30,-,59.70,1,2,3,4730,1.02,43.93,42.91,9.47,3.68,203974,199244,43986,17075
1996,New Hampshire,0,4,1174719,871000,0,754778,499175,57.30,-,66.10,1,2,3,49682,9.95,49.32,39.37,9.69,1.61,246214,196532,48390,8039
1996,New Jersey,0,15,8149596,6034000,0,4320866,3075807,51.00,-,71.20,1,2,3,549251,17.86,53.72,35.86,8.52,1.89,1652329,1103078,262134,58266
1996,New Mexico,0,5,1752326,1224000,0,837794,556074,45.40,-,66.40,1,2,3,40744,7.33,49.18,41.86,5.80,3.16,273495,232751,32257,17571
1996,New York,0,33,18588460,13564000,0,10162156,6316129,46.60,-,62.20,1,2,3,1822685,28.86,59.47,30.61,7.97,1.95,3756177,1933492,503458,123002
1996,North Carolina,14,0,7500670,5519000,0,4318008,2515807,45.60,-,58.30,2,1,3,118089,4.69,44.04,48.73,6.68,0.55,1107849,1225938,168059,13961
1996,North Dakota,3,0,650382,476000,0,0,266411,56.00,-,-,2,1,3,18145,6.81,40.13,46.94,12.20,0.73,106905,125050,32515,1941
1996,Ohio,0,21,11242827,8347000,0,6837421,4534434,54.30,-,66.30,1,2,3,288339,6.36,47.38,41.02,10.66,0.95,2148222,1859883,483207,43122
1996,Oklahoma,8,0,3340129,2426000,0,1977677,1206713,49.70,-,61.00,2,1,3,94210,7.81,40.45,48.26,10.84,0.46,488105,582315,130788,5505
1996,Oregon,0,7,3247111,2411000,0,1962155,1377760,57.10,-,70.20,1,2,3,111489,8.09,47.15,39.06,8.80,4.99,649641,538152,121221,68746
1996,Pennsylvania,0,23,12220464,9197000,0,6805612,4506118,49.00,-,66.20,1,2,3,414650,9.20,49.17,39.97,9.56,1.29,2215819,1801169,430984,58146
1996,Rhode Island,0,4,1020893,751000,0,602692,390284,52.00,-,64.80,1,2,3,128367,32.89,59.71,26.82,11.20,2.26,233050,104683,43723,8828
1996,South Carolina,8,0,3796200,2771000,0,1814777,1149457,41.50,-,63.30,2,1,3,69407,6.04,43.85,49.89,5.60,0.66,504051,573458,64386,7562
1996,South Dakota,3,0,742213,535000,0,459971,323826,60.50,-,70.40,2,1,3,11210,3.46,43.03,46.49,9.65,0.83,139333,150543,31250,2700
1996,Tennessee,0,11,5416643,4035000,0,3055962,1894105,46.90,-,62.00,1,2,3,45616,2.41,48.00,45.59,5.59,0.82,909146,863530,105918,15511
1996,Texas,32,0,19340342,13597000,0,9551191,5611644,41.30,-,58.80,2,1,3,276484,4.93,43.83,48.76,6.75,0.66,2459683,2736167,378537,37257
1996,Utah,5,0,2067976,1333000,0,1050452,665629,49.90,-,63.40,2,1,3,140278,21.07,33.30,54.37,9.98,2.35,221633,361911,66461,15624
1996,Vermont,0,3,593701,445000,0,385328,258449,58.10,-,67.10,1,2,3,57542,22.26,53.35,31.09,12.00,3.55,137894,80352,31024,9179
1996,Virginia,13,0,6750884,5083000,0,3322135,2416642,47.50,-,72.70,2,1,3,47290,1.96,45.15,47.10,6.62,1.13,1091060,1138350,159861,27371
1996,Washington,0,11,5569753,4115000,0,3078208,2253837,54.80,-,73.20,1,2,3,282611,12.54,49.84,37.30,8.92,3.94,1123323,840712,201003,88799
1996,West Virginia,0,5,1822808,1417000,0,970745,636459,44.90,-,65.60,1,2,3,93866,14.75,51.51,36.76,11.26,0.48,327812,233946,71639,3062
1996,Wisconsin,0,11,5229986,3824000,0,0,2196169,57.40,-,-,1,2,3,226942,10.33,48.81,38.48,10.35,2.36,1071971,845029,227339,51830
1996,Wyoming,3,0,488167,356000,0,240711,211571,59.40,-,87.90,2,1,3,27454,12.98,36.84,49.81,12.25,1.10,77934,105388,25928,2321
1992,Alabama,9,0,4154014,3056000,0,2210617,1688060,55.20,-,76.40,2,1,3,114203,6.77,40.88,47.65,10.85,0.63,690080,804283,183109,10588
1992,Alaska,3,0,588736,395500,0,315058,258506,65.40,-,82.10,2,1,3,23706,9.17,30.29,39.46,28.43,1.83,78294,102000,73481,4731
1992,Arizona,8,0,3915740,2749000,0,1964949,1487006,54.10,-,75.70,2,1,3,29036,1.95,36.52,38.47,23.79,1.22,543050,572086,353741,18129
1992,Arkansas,0,6,2415984,1768000,0,1317944,950653,53.80,-,72.10,1,2,3,168499,17.72,53.21,35.48,10.43,0.88,505823,337324,99132,8374
1992,California,0,54,30974659,22668000,0,15101473,11131721,49.10,-,73.70,1,2,3,1490751,13.39,46.01,32.61,20.63,0.75,5121325,3630574,2296006,83816
1992,Colorado,0,8,3495939,2501000,0,2003375,1569180,62.70,-,78.30,1,2,3,66831,4.26,40.13,35.87,23.32,0.68,629681,562850,366010,10639
1992,Connecticut,0,8,3300712,2535000,0,1961503,1616332,63.80,-,82.40,1,2,3,104005,6.43,42.21,35.78,21.58,0.43,682318,578313,348771,6930
1992,Delaware,0,3,694925,525000,0,341948,289735,55.20,-,84.70,1,2,3,23741,8.19,43.51,35.31,20.44,0.74,126054,102313,59213,2155
1992,D. C.,0,3,597565,459000,0,340953,227572,49.60,-,66.70,1,2,3,171921,75.55,84.64,9.10,4.25,2.01,192619,20698,9681,4574
1992,Florida,25,0,13650553,10586000,0,6541825,5314392,50.20,-,81.20,2,1,3,100612,1.89,39.00,40.89,19.82,0.29,2072698,2173310,1053067,15317
1992,Georgia,0,13,6817203,4950000,0,3177061,2321133,46.90,-,73.10,1,2,3,13714,0.59,43.47,42.88,13.34,0.31,1008966,995252,309657,7258
1992,Hawaii,0,4,1158613,889000,0,464495,372842,41.90,-,80.30,1,2,3,42488,11.40,48.09,36.70,14.22,0.99,179310,136822,53003,3707
1992,Idaho,4,0,1071685,740000,0,611121,482142,65.20,-,78.90,2,1,3,65632,13.61,28.42,42.03,27.04,2.51,137013,202645,130395,12089
1992,Illinois,0,22,11694184,8568000,0,6600358,5050157,58.90,-,76.50,1,2,3,719254,14.24,48.58,34.34,16.64,0.44,2453350,1734096,840515,22196
1992,Indiana,12,0,5674547,4176000,0,3180157,2305871,55.20,-,72.50,2,1,3,140955,6.11,36.79,42.91,19.77,0.53,848420,989375,455934,12142
1992,Iowa,0,7,2818401,2075000,0,1703658,1354607,65.30,-,79.50,1,2,3,81462,6.01,43.29,37.27,18.71,0.73,586353,504891,253468,9895
1992,Kansas,6,0,2532394,1836000,0,1365849,1157236,63.00,-,84.70,2,1,3,59517,5.14,33.74,38.88,26.99,0.39,390434,449951,312358,4493
1992,Kentucky,0,8,3765469,2779000,0,2076263,1492900,53.70,-,71.90,1,2,3,47926,3.21,44.55,41.34,13.66,0.45,665104,617178,203944,6674
1992,Louisiana,0,9,4293003,2992000,0,2292129,1790017,59.80,-,78.10,1,2,3,82585,4.61,45.58,40.97,11.81,1.63,815971,733386,211478,29182
1992,Maine,0,4,1238508,944000,0,974605,679499,72.00,-,69.70,1,3,2,56600,8.33,38.77,30.39,30.44,0.41,263420,206504,206820,2755
1992,Maryland,0,10,4923368,3719000,0,2463010,1985046,53.40,-,80.60,1,2,3,281477,14.18,49.80,35.62,14.18,0.40,988571,707094,281414,7967
1992,Massachusetts,0,12,6028709,4607000,0,3351918,2773574,60.20,-,82.70,1,2,3,513613,18.52,47.54,29.03,22.80,0.63,1318662,805049,632312,17551
1992,Michigan,0,18,9479065,6923000,0,6147083,4274673,61.70,-,69.50,1,2,3,316242,7.40,43.77,36.38,19.30,0.56,1871182,1554940,824813,23738
1992,Minnesota,0,10,4495572,3278000,0,3138901,2347948,71.60,-,74.80,1,2,3,273156,11.63,43.48,31.85,23.96,0.71,1020997,747841,562506,16604
1992,Mississippi,7,0,2623734,1861000,0,1640150,981793,52.80,-,59.90,2,1,3,87535,8.92,40.77,49.68,8.72,0.83,400258,487793,85626,8116
1992,Missouri,0,11,5217101,3858000,0,3067955,2391565,62.00,-,78.00,1,2,3,242714,10.15,44.07,33.92,21.69,0.33,1053873,811159,518741,7792
1992,Montana,0,3,825770,586000,0,529822,410611,70.10,-,77.50,1,2,3,10300,2.51,37.63,35.12,26.11,1.14,154507,144207,107225,4672
1992,Nebraska,5,0,1611687,1167000,0,951395,739283,63.30,-,77.70,2,1,3,127002,17.18,29.40,46.58,23.63,0.39,217344,344346,174687,2906
1992,Nevada,0,4,1351367,1013000,0,649913,506318,50.00,-,77.90,1,2,3,13320,2.63,37.36,34.73,26.19,1.73,189148,175828,132580,8762
1992,New Hampshire,0,4,1117784,852000,0,660995,537945,63.10,-,81.40,1,2,3,6556,1.22,38.86,37.64,22.56,0.95,209040,202484,121337,5084
1992,New Jersey,0,15,7880508,5943000,0,4060337,3343594,56.30,-,82.30,1,2,3,79341,2.37,42.95,40.58,15.61,0.86,1436206,1356865,521829,28694
1992,New Mexico,0,5,1595442,1104000,0,707012,569986,51.60,-,80.60,1,2,3,48793,8.56,45.90,37.34,16.12,0.64,261617,212824,91895,3650
1992,New York,0,33,18246653,13609000,0,9193391,6926925,50.90,-,75.30,1,2,3,1097801,15.85,49.73,33.88,15.75,0.65,3444450,2346649,1090721,45105
1992,North Carolina,14,0,6897214,5217000,0,3817380,2611850,50.10,-,68.40,2,1,3,20619,0.79,42.65,43.44,13.70,0.20,1114042,1134661,357864,5283
1992,North Dakota,3,0,638223,458000,0,0,308133,67.30,-,-,2,1,3,37076,12.03,32.18,44.22,23.07,0.53,99168,136244,71084,1637
1992,Ohio,0,21,11029431,8146000,0,6536936,4939964,60.60,-,75.60,1,2,3,90632,1.83,40.18,38.35,20.98,0.49,1984942,1894310,1036426,24286
1992,Oklahoma,8,0,3220517,2328000,0,2302279,1390359,59.70,-,60.40,2,1,3,119863,8.62,34.02,42.65,23.01,0.32,473066,592929,319878,4486
1992,Oregon,0,7,2991755,2226000,0,1775416,1462643,65.70,-,82.40,1,2,3,145557,9.95,42.48,32.53,24.21,0.78,621314,475757,354091,11481
1992,Pennsylvania,0,23,12049450,9129000,0,5993002,4959810,54.30,-,82.80,1,2,3,447323,9.02,45.15,36.13,18.20,0.53,2239164,1791841,902667,26138
1992,Rhode Island,0,4,1012581,776000,0,554664,453478,58.40,-,81.80,1,2,3,81698,18.02,47.04,29.02,23.16,0.78,213299,131601,105045,3533
1992,South Carolina,8,0,3620464,2672000,0,1537140,1202527,45.00,-,78.20,2,1,3,97993,8.15,39.88,48.02,11.55,0.55,479514,577507,138872,6634
1992,South Dakota,3,0,712801,502000,0,448292,336254,67.00,-,75.00,2,1,3,11830,3.52,37.14,40.66,21.80,0.40,124888,136718,73295,1353
1992,Tennessee,0,11,5049742,3783000,0,2726449,1982638,52.40,-,72.70,1,2,3,92221,4.65,47.08,42.43,10.09,0.40,933521,841300,199968,7849
1992,Texas,32,0,17759738,12524000,0,8439874,6154018,49.10,-,72.90,2,1,3,214256,3.48,37.08,40.56,22.01,0.35,2281815,2496071,1354781,21351
1992,Utah,5,0,1836799,1142000,0,965211,744069,65.20,-,77.10,3,1,2,119232,16.02,24.65,43.36,27.34,4.65,183429,322632,203400,34608
1992,Vermont,0,3,572751,429000,0,383371,289701,67.50,-,75.60,1,2,3,45470,15.70,46.11,30.42,22.78,0.69,133592,88122,65991,1996
1992,Virginia,13,0,6414307,4842000,0,3055486,2558665,52.80,-,83.70,2,1,3,111867,4.37,40.59,44.97,13.63,0.82,1038650,1150517,348639,20859
1992,Washington,0,11,5160757,3818000,0,2814680,2288230,59.90,-,81.30,1,2,3,261803,11.44,43.40,31.96,23.68,0.97,993037,731234,541780,22179
1992,West Virginia,0,5,1806451,1350000,0,956172,683711,50.60,-,71.50,1,2,3,89027,13.02,48.41,35.39,15.92,0.28,331001,241974,108829,1907
1992,Wisconsin,0,11,5025398,3669000,0,0,2531114,69.00,-,-,1,2,3,110211,4.35,41.13,36.78,21.51,0.58,1041066,930855,544479,14714
1992,Wyoming,3,0,466251,322000,0,234260,200625,62.30,-,85.60,2,1,3,11187,5.58,33.97,39.55,25.55,0.92,68160,79347,51263,1855
1988,Alabama,9,0,4023902,3010000,0,2451491,1378476,45.80,-,56.20,2,1,,266070,19.30,39.86,59.17,,0.97,549506,815576,,13394
1988,Alaska,3,0,541999,385000,0,292441,200116,52.00,-,68.40,2,1,,46667,23.32,36.27,59.59,,4.14,72584,119251,,8281
1988,Arizona,7,0,3535200,2605000,0,1797714,1171873,45.00,-,65.20,2,1,,248512,21.21,38.74,59.95,,1.31,454029,702541,,15303
1988,Arkansas,6,0,2342643,1761000,0,1203016,827738,47.00,-,68.80,2,1,,117341,14.18,42.19,56.37,,1.44,349237,466578,,11923
1988,California,47,0,28464230,20875000,0,14004873,9887064,47.40,-,70.60,2,1,,352684,3.57,47.56,51.13,,1.31,4702233,5054917,,129914
1988,Colorado,8,0,3262279,2489000,0,2037466,1372394,55.10,-,67.40,2,1,,106724,7.78,45.28,53.06,,1.66,621453,728177,,22764
1988,Connecticut,8,0,3271957,2492000,0,1795419,1443394,57.90,-,80.40,2,1,,73657,5.10,46.87,51.98,,1.15,676584,750241,,16569
1988,Delaware,3,0,647621,490000,0,318362,249891,51.00,-,78.50,2,1,,30992,12.40,43.48,55.88,,0.64,108647,139639,,1605
1988,D. C.,0,3,630427,489000,0,299757,192877,39.40,-,64.30,1,2,,131817,68.34,82.65,14.30,,3.05,159407,27590,,5880
1988,Florida,21,0,12306421,9614000,0,6047347,4302313,44.80,-,71.10,2,1,,962184,22.36,38.51,60.87,,0.62,1656701,2618885,,26727
1988,Georgia,12,0,6316185,4665000,0,2934816,1809672,38.80,-,61.70,2,1,,366539,20.25,39.50,59.75,,0.75,714792,1081331,,13549
1988,Hawaii,0,4,1079830,824000,0,443742,354461,43.00,-,79.90,1,2,,33739,9.52,54.27,44.75,,0.98,192364,158625,,3472
1988,Idaho,4,0,985680,701000,0,572430,408968,58.30,-,71.40,2,1,,106609,26.07,36.01,62.08,,1.91,147272,253881,,7815
1988,Illinois,24,0,11390222,8550000,0,6356940,4559120,53.30,-,71.70,2,1,,94999,2.08,48.60,50.69,,0.71,2215940,2310939,,32241
1988,Indiana,12,0,5491729,4068000,0,2865852,2168621,53.30,-,75.70,2,1,,437120,20.16,39.69,59.84,,0.47,860643,1297763,,10215
1988,Iowa,0,8,2768370,2068000,0,1638362,1225614,59.30,-,74.80,1,2,,125202,10.22,54.71,44.50,,0.79,670557,545355,,9702
1988,Kansas,7,0,2462057,1829000,0,1265958,993044,54.30,-,78.40,2,1,,131413,13.23,42.56,55.79,,1.65,422636,554049,,16359
1988,Kentucky,9,0,3679990,2746000,0,2026295,1322517,48.20,-,65.30,2,1,,153913,11.64,43.88,55.52,,0.59,580368,734281,,7868
1988,Louisiana,10,0,4288939,3175000,0,2231857,1628202,51.30,-,73.00,2,1,,166242,10.21,44.06,54.27,,1.66,717460,883702,,27040
1988,Maine,4,0,1203850,893000,0,854764,555035,62.20,-,64.90,2,1,,63562,11.45,43.88,55.34,,0.78,243569,307131,,4335
1988,Maryland,10,0,4657894,3491000,0,2310080,1714358,49.10,-,74.20,2,1,,49863,2.91,48.20,51.11,,0.69,826304,876167,,11887
1988,Massachusetts,0,13,5979997,4535000,0,3272188,2632805,58.10,-,80.50,1,2,,206762,7.85,53.23,45.38,,1.40,1401406,1194644,,36755
1988,Michigan,20,0,9218025,6791000,0,5952513,3669163,54.00,-,61.60,2,1,,289703,7.90,45.67,53.57,,0.76,1675783,1965486,,27894
1988,Minnesota,0,10,4296162,3161000,0,2916957,2096790,66.30,-,71.90,1,2,,147134,7.02,52.91,45.90,,1.19,1109471,962337,,24982
1988,Mississippi,7,0,2580377,1867000,0,1595826,931527,49.90,-,58.40,2,1,,193969,20.82,39.07,59.89,,1.04,363921,557890,,9716
1988,Missouri,11,0,5081731,3821000,0,2943025,2093228,54.80,-,71.10,2,1,,83334,3.98,47.85,51.83,,0.32,1001619,1084953,,6656
1988,Montana,4,0,800194,586000,0,505541,365674,62.40,-,72.30,2,1,,21476,5.87,46.20,52.07,,1.73,168936,190412,,6326
1988,Nebraska,5,0,1571465,1167000,0,898959,662372,56.80,-,73.70,2,1,,138801,20.96,39.20,60.15,,0.65,259646,398447,,4279
1988,Nevada,4,0,1075033,780000,0,444933,350067,44.90,-,78.70,2,1,,73302,20.94,37.92,58.86,,3.22,132738,206040,,11289
1988,New Hampshire,4,0,1082583,823000,0,649780,450525,54.70,-,69.30,2,1,,117841,26.16,36.33,62.49,,1.17,163696,281537,,5292
1988,New Jersey,16,0,7712352,5943000,0,4010790,3099553,52.20,-,77.30,2,1,,422840,13.64,42.60,56.24,,1.16,1320352,1743192,,36009
1988,New Mexico,5,0,1490356,1101000,0,674826,521287,47.30,-,77.20,2,1,,25844,4.96,46.90,51.86,,1.24,244497,270341,,6449
1988,New York,0,36,17941357,13480000,0,8581276,6485683,48.10,-,75.60,1,2,,266011,4.10,51.62,47.52,,0.86,3347882,3081871,,55930
1988,North Carolina,13,0,6480675,4913000,0,3432042,2134370,43.40,-,62.20,2,1,,347091,16.26,41.71,57.97,,0.33,890167,1237258,,6945
1988,North Dakota,3,0,655324,483000,0,0,297261,61.50,-,-,2,1,,38820,13.06,42.97,56.03,,1.00,127739,166559,,2963
1988,Ohio,23,0,10798630,7970000,0,6275638,4393699,55.10,-,70.00,2,1,,476920,10.85,44.15,55.00,,0.85,1939629,2416549,,37521
1988,Oklahoma,8,0,3167148,2404000,0,2199014,1171036,48.70,-,53.30,2,1,,194944,16.65,41.28,57.93,,0.79,483423,678367,,9246
1988,Oregon,0,7,2741316,2051000,0,1528478,1201694,58.60,-,78.60,1,2,,56080,4.67,51.28,46.61,,2.11,616206,560126,,25362
1988,Pennsylvania,25,0,11845774,9060000,0,5875943,4536251,50.10,-,77.20,2,1,,105143,2.32,48.39,50.70,,0.91,2194944,2300087,,41220
1988,Rhode Island,0,4,996406,764000,0,548758,404620,53.00,-,73.70,1,2,,47362,11.71,55.64,43.93,,0.43,225123,177761,,1736
1988,South Carolina,8,0,3412102,2534000,0,1435977,986009,38.90,-,68.70,2,1,,235889,23.92,37.58,61.50,,0.91,370554,606443,,9012
1988,South Dakota,3,0,698144,509000,0,440301,312991,61.50,-,71.10,2,1,,19855,6.34,46.51,52.85,,0.64,145560,165415,,2016
1988,Tennessee,11,0,4822432,3661000,0,2417033,1636250,44.70,-,67.70,2,1,,267439,16.34,41.55,57.89,,0.56,679794,947233,,9223
1988,Texas,29,0,16667146,12270000,0,8201856,5427410,44.20,-,66.20,2,1,,684081,12.60,43.35,55.95,,0.70,2352748,3036829,,37833
1988,Utah,5,0,1689374,1078000,0,806934,647008,60.00,-,80.20,2,1,,221099,34.17,32.05,66.22,,1.73,207343,428442,,11223
1988,Vermont,3,0,549758,412000,0,348712,243333,59.10,-,69.80,2,1,,8556,3.52,47.58,51.10,,1.33,115775,124331,,3227
1988,Virginia,12,0,6036907,4544000,0,2877144,2191609,48.20,-,76.20,2,1,,449363,20.50,39.23,59.74,,1.03,859799,1309162,,22648
1988,Washington,0,10,4639911,3417000,0,2499309,1865253,54.60,-,74.60,1,2,,29681,1.59,50.05,48.46,,1.50,933516,903835,,27902
1988,West Virginia,0,5,1830227,1398000,0,968619,653311,46.70,-,67.40,1,2,,30951,4.74,52.20,47.46,,0.34,341016,310065,,2230
1988,Wisconsin,0,11,4822365,3536000,0,0,2191608,62.00,-,-,1,2,,79295,3.62,51.41,47.80,,0.79,1126794,1047499,,17315
1988,Wyoming,3,0,465080,351000,0,226189,176551,50.30,-,78.10,2,1,,39754,22.52,38.01,60.53,,1.46,67113,106867,,2571
1984,Alabama,9,0,3951766,2892000,0,2343448,1441713,49.90,-,61.50,2,1,,320950,22.26,38.28,60.54,,1.18,551899,872849,,16965
1984,Alaska,3,0,513697,351000,0,305262,207605,59.10,-,68.00,2,1,,76370,36.79,29.87,66.65,,3.48,62007,138377,,7221
1984,Arizona,7,0,3067125,2268000,0,1462818,1025897,45.20,-,70.10,2,1,,347562,33.88,32.54,66.42,,1.04,333854,681416,,10627
1984,Arkansas,6,0,2319782,1706000,0,1159588,884406,51.80,-,76.30,2,1,,196128,22.18,38.29,60.47,,1.24,338646,534774,,10986
1984,California,47,0,25844380,19181000,0,13073835,9505423,49.60,-,72.70,2,1,,1544490,16.25,41.27,57.51,,1.22,3922519,5467009,,115895
1984,Colorado,8,0,3170024,2353000,0,1621304,1295381,55.10,-,79.90,2,1,,366844,28.32,35.12,63.44,,1.44,454974,821818,,18589
1984,Connecticut,8,0,3180017,2401000,0,1809017,1466900,61.10,-,81.10,2,1,,321280,21.90,38.83,60.73,,0.44,569597,890877,,6426
1984,Delaware,3,0,611567,459000,0,314034,254572,55.50,-,81.10,2,1,,50534,19.85,39.93,59.78,,0.29,101656,152190,,726
1984,D. C.,0,3,633385,489000,0,275000,211288,43.20,-,76.80,1,2,,151399,71.66,85.38,13.73,,0.89,180408,29009,,1871
1984,Florida,21,0,11039982,8665000,0,5574472,4180051,48.20,-,75.00,2,1,,1281534,30.66,34.66,65.32,,0.02,1448816,2730350,,885
1984,Georgia,12,0,5835018,4231000,0,2732332,1776093,42.00,-,65.00,2,1,,362094,20.39,39.79,60.17,,0.04,706628,1068722,,743
1984,Hawaii,4,0,1027923,758000,0,418904,335846,44.30,-,80.20,2,1,,37896,11.28,43.82,55.10,,1.08,147154,185050,,3642
1984,Idaho,4,0,990811,686000,0,582196,411144,59.90,-,70.60,2,1,,189013,45.97,26.39,72.36,,1.24,108510,297523,,5111
1984,Illinois,24,0,11412194,8438000,0,6470438,4819088,57.10,-,74.50,2,1,,620604,12.88,43.30,56.17,,0.53,2086499,2707103,,25486
1984,Indiana,12,0,5458334,3993000,0,3049590,2233069,55.90,-,73.20,2,1,,535749,23.99,37.68,61.67,,0.64,841481,1377230,,14358
1984,Iowa,8,0,2858631,2120000,0,1762841,1319805,62.30,-,74.90,2,1,,97468,7.39,45.89,53.27,,0.84,605620,703088,,11097
1984,Kansas,7,0,2424119,1798000,0,1291416,1021991,56.80,-,79.10,2,1,,344147,33.67,32.60,66.27,,1.13,333149,677296,,11546
1984,Kentucky,9,0,3695426,2697000,0,2017756,1370461,50.80,-,67.90,2,1,,283193,20.66,39.37,60.04,,0.59,539589,822782,,8090
1984,Louisiana,10,0,4400521,3129000,0,2262101,1706822,54.50,-,75.50,2,1,,385713,22.60,38.18,60.77,,1.05,651586,1037299,,17937
1984,Maine,4,0,1155646,854000,0,810661,553144,64.80,-,68.20,2,1,,121985,22.05,38.78,60.83,,0.38,214515,336500,,2129
1984,Maryland,10,0,4365282,3260000,0,2253150,1675873,51.40,-,74.40,2,1,,91983,5.49,47.02,52.51,,0.48,787935,879918,,8020
1984,Massachusetts,13,0,5840782,4443000,0,3253785,2559453,57.60,-,78.70,2,1,,71330,2.79,48.43,51.22,,0.35,1239606,1310936,,8911
1984,Michigan,20,0,9049453,6566000,0,5888808,3801658,57.90,-,64.60,2,1,,721933,18.99,40.24,59.23,,0.54,1529638,2251571,,20449
1984,Minnesota,0,10,4157708,3058000,0,2893049,2084449,68.20,-,72.10,1,2,,3761,0.18,49.72,49.54,,0.74,1036364,1032603,,15482
1984,Mississippi,7,0,2578030,1802000,0,1669539,940192,52.20,-,56.30,2,1,,229285,24.39,37.46,61.85,,0.69,352192,581477,,6523
1984,Missouri,11,0,4975276,3708000,0,2969300,2122771,57.20,-,71.50,2,1,,425605,20.05,39.98,60.02,,0.00,848583,1274188,,0
1984,Montana,4,0,820868,591000,0,526841,384377,65.00,-,73.00,2,1,,85708,22.30,38.18,60.47,,1.35,146742,232450,,5185
1984,Nebraska,5,0,1588598,1172000,0,902626,652090,55.60,-,72.20,2,1,,272188,41.74,28.81,70.55,,0.64,187866,460054,,4170
1984,Nevada,4,0,924917,691000,0,356405,286667,41.50,-,80.40,2,1,,97115,33.88,31.97,65.85,,2.18,91655,188770,,6242
1984,New Hampshire,4,0,976879,734000,0,543790,388954,53.00,-,71.50,2,1,,146656,37.71,30.95,68.66,,0.39,120395,267051,,1508
1984,New Jersey,16,0,7515486,5687000,0,4072639,3217862,56.60,-,79.00,2,1,,672307,20.89,39.20,60.09,,0.71,1261323,1933630,,22909
1984,New Mexico,5,0,1416763,1002000,0,650929,514370,51.30,-,79.00,2,1,,105332,20.48,39.23,59.70,,1.07,201769,307101,,5500
1984,New York,36,0,17745710,13301000,0,9044208,6806810,51.20,-,75.30,2,1,,545154,8.01,45.83,53.84,,0.33,3119609,3664763,,22438
1984,North Carolina,13,0,6164036,4593000,0,3270933,2175361,47.40,-,66.50,2,1,,522194,24.00,37.89,61.90,,0.21,824287,1346481,,4593
1984,North Dakota,3,0,680484,493000,0,0,308971,62.70,-,-,2,1,,95907,31.04,33.80,64.84,,1.36,104429,200336,,4206
1984,Ohio,23,0,10737767,7841000,0,6332454,4547619,58.00,-,71.80,2,1,,853120,18.76,40.14,58.90,,0.96,1825440,2678560,,43619
1984,Oklahoma,8,0,3285581,2408000,0,1949989,1255676,52.10,-,64.40,2,1,,476450,37.94,30.67,68.61,,0.72,385080,861530,,9066
1984,Oregon,7,0,2666598,1984000,0,1608693,1226527,61.80,-,76.20,2,1,,149221,12.17,43.74,55.91,,0.35,536479,685700,,4348
1984,Pennsylvania,25,0,11815214,8975000,0,6193702,4844903,54.00,-,78.20,2,1,,356192,7.35,45.99,53.34,,0.67,2228131,2584323,,32449
1984,Rhode Island,4,0,961898,735000,0,542216,410492,55.80,-,75.70,2,1,,14974,3.65,48.02,51.66,,0.32,197106,212080,,1306
1984,South Carolina,8,0,3271923,2382000,0,1394675,968540,40.70,-,69.40,2,1,,271069,27.99,35.57,63.55,,0.88,344470,615539,,8531
1984,South Dakota,3,0,697207,508000,0,442790,317867,62.60,-,71.80,2,1,,84154,26.47,36.53,63.00,,0.47,116113,200267,,1487
1984,Tennessee,11,0,4686803,3490000,0,2579504,1711993,49.10,-,66.40,2,1,,278498,16.27,41.57,57.84,,0.59,711714,990212,,10067
1984,Texas,29,0,16007171,11436000,0,7900167,5397571,47.20,-,68.30,2,1,,1484152,27.50,36.11,63.61,,0.28,1949276,3433428,,14867
1984,Utah,5,0,1622339,1023000,0,840416,629656,61.50,-,74.90,2,1,,313736,49.83,24.68,74.50,,0.82,155369,469105,,5182
1984,Vermont,3,0,526662,392000,0,333778,234561,59.80,-,70.30,2,1,,40135,17.11,40.81,57.92,,1.26,95730,135865,,2966
1984,Virginia,12,0,5643937,4235000,0,2675641,2146635,50.70,-,80.20,2,1,,540828,25.19,37.09,62.29,,0.62,796250,1337078,,13307
1984,Washington,10,0,4343670,3228000,0,2457667,1883910,58.40,-,76.70,2,1,,244318,12.97,42.86,55.82,,1.32,807352,1051670,,24888
1984,West Virginia,6,0,1927675,1422000,0,1025230,735742,51.70,-,71.80,2,1,,77358,10.51,44.60,55.11,,0.29,328125,405483,,2134
1984,Wisconsin,11,0,4735588,3485000,0,0,2212016,63.50,-,-,2,1,,202953,9.18,45.02,54.19,,0.79,995847,1198800,,17369
1984,Wyoming,3,0,504891,354000,0,239974,188968,53.40,-,78.70,2,1,,79871,42.27,28.24,70.51,,1.25,53370,133241,,2357
1980,Alabama,9,0,3894025,2757000,0,2142139,1341929,48.70,-,62.60,2,1,3,17462,1.30,47.45,48.75,1.23,2.57,636730,654192,16481,34526
1980,Alaska,3,0,401851,277000,0,258742,158445,57.20,-,61.20,2,1,4,44270,27.94,26.41,54.35,7.04,12.20,41842,86112,11155,19336
1980,Arizona,6,0,2716546,1970000,0,1121169,873945,44.40,-,77.90,2,1,3,282845,32.36,28.24,60.61,8.81,2.34,246843,529688,76952,20462
1980,Arkansas,6,0,2286357,1628000,0,1188902,837582,51.40,-,70.50,2,1,3,5123,0.61,47.52,48.13,2.68,1.66,398041,403164,22468,13909
1980,California,45,0,23667765,17548000,0,11361623,8587063,48.90,-,75.60,2,1,3,1441197,16.78,35.91,52.69,8.62,2.78,3083661,4524858,739833,238711
1980,Colorado,7,0,2889735,2123000,0,1434571,1184415,55.80,-,82.60,2,1,3,284291,24.00,31.07,55.07,11.03,2.83,367973,652264,130633,33545
1980,Connecticut,8,0,3107564,2304000,0,1719108,1406285,61.00,-,81.80,2,1,3,135478,9.63,38.52,48.16,12.22,1.10,541732,677210,171807,15536
1980,Delaware,3,0,594338,432000,0,300600,235668,54.60,-,78.40,2,1,3,5498,2.33,44.87,47.21,6.91,1.01,105754,111252,16288,2374
1980,D. C.,0,3,638432,495000,0,288837,173889,35.10,-,60.20,1,2,3,106918,61.49,74.89,13.41,9.28,2.42,130231,23313,16131,4214
1980,Florida,17,0,9746961,7578000,0,4809721,3687026,48.70,-,76.70,2,1,3,627476,17.02,38.50,55.52,5.14,0.84,1419475,2046951,189692,30908
1980,Georgia,0,12,5462982,3870000,0,2466786,1597467,41.30,-,64.80,1,2,3,236565,14.81,55.76,40.95,2.26,1.03,890733,654168,36055,16511
1980,Hawaii,0,4,964691,697000,0,402795,303287,43.50,-,75.30,1,2,3,5767,1.90,44.80,42.90,10.56,1.74,135879,130112,32021,5275
1980,Idaho,4,0,944127,646000,0,581006,437431,67.70,-,75.30,2,1,3,180507,41.27,25.19,66.46,6.19,2.17,110192,290699,27058,9482
1980,Illinois,26,0,11427409,8235000,0,6230332,4749721,57.70,-,76.20,2,1,3,376636,7.93,41.72,49.65,7.30,1.34,1981413,2358049,346754,63505
1980,Indiana,13,0,5490214,3892000,0,2944311,2242033,57.60,-,76.10,2,1,3,411459,18.35,37.65,56.01,4.98,1.36,844197,1255656,111639,30541
1980,Iowa,8,0,2913808,2099000,0,1746725,1317661,62.80,-,75.40,2,1,3,167354,12.70,38.60,51.31,8.78,1.32,508672,676026,115633,17330
1980,Kansas,7,0,2364236,1730000,0,1290539,979795,56.60,-,75.90,2,1,3,240662,24.56,33.29,57.85,6.96,1.90,326150,566812,68231,18602
1980,Kentucky,9,0,3660324,2596000,0,1824469,1294627,49.90,-,71.00,2,1,3,18857,1.46,47.61,49.07,2.40,0.91,616417,635274,31127,11809
1980,Louisiana,10,0,4206116,2919000,0,2015402,1548591,53.10,-,76.80,2,1,3,84400,5.45,45.75,51.20,1.70,1.35,708453,792853,26345,20940
1980,Maine,4,0,1125043,811000,0,759978,523011,64.50,-,68.80,2,1,3,17548,3.36,42.25,45.61,10.20,1.95,220974,238522,53327,10188
1980,Maryland,0,10,4216933,3080000,0,2064883,1540496,50.00,-,74.60,1,2,3,45555,2.96,47.14,44.18,7.76,0.92,726161,680606,119537,14192
1980,Massachusetts,14,0,5737093,4278000,0,3156672,2524298,59.00,-,80.00,2,1,3,3829,0.15,41.75,41.90,15.15,1.20,1053802,1057631,382539,30326
1980,Michigan,21,0,9262044,6520000,0,5725713,3909725,60.00,-,68.30,2,1,3,253693,6.49,42.50,48.99,7.04,1.48,1661532,1915225,275223,57745
1980,Minnesota,0,10,4075970,2933000,0,2812855,2051953,70.00,-,72.90,1,2,3,80933,3.94,46.50,42.56,8.53,2.41,954174,873241,174990,49548
1980,Mississippi,7,0,2520770,1723000,0,1485539,892620,51.80,-,60.10,2,1,3,11808,1.32,48.09,49.42,1.35,1.14,429281,441089,12036,10214
1980,Missouri,12,0,4916766,3578000,0,2845023,2099824,58.70,-,73.80,2,1,3,142999,6.81,44.35,51.16,3.71,0.79,931182,1074181,77920,16541
1980,Montana,4,0,786690,560000,0,496402,363952,65.00,-,73.30,2,1,3,88782,24.39,32.43,56.82,8.05,2.70,118032,206814,29281,9825
1980,Nebraska,5,0,1569825,1133000,0,856182,640854,56.60,-,74.90,2,1,3,253086,39.49,26.04,65.53,7.02,1.42,166851,419937,44993,9073
1980,Nevada,3,0,800508,602000,0,297318,247885,41.20,-,83.40,2,1,3,88351,35.64,26.89,62.54,7.12,3.45,66666,155017,17651,8551
1980,New Hampshire,4,0,920610,672000,0,551432,383999,57.10,-,69.60,2,1,3,112841,29.39,28.35,57.74,12.94,0.97,108864,221705,49693,3737
1980,New Jersey,17,0,7365011,5422000,0,3761428,2975684,54.90,-,79.10,2,1,3,399193,13.42,38.56,51.97,7.88,1.58,1147364,1546557,234632,47131
1980,New Mexico,4,0,1303302,900000,0,652687,456237,50.70,-,69.90,2,1,3,82953,18.18,36.78,54.97,6.46,1.79,167826,250779,29459,8173
1980,New York,41,0,17558165,12933000,0,7897555,6201959,48.00,-,78.50,2,1,3,165459,2.67,43.99,46.66,7.54,1.81,2728372,2893831,467801,111955
1980,North Carolina,13,0,5880095,4274000,0,2774844,1855833,43.40,-,66.90,2,1,3,39383,2.12,47.18,49.30,2.85,0.67,875635,915018,52800,12380
1980,North Dakota,3,0,652717,467000,0,0,301545,64.60,-,-,2,1,3,114506,37.97,26.26,64.23,7.84,1.67,79189,193695,23640,5021
1980,Ohio,25,0,10797603,7744000,0,5962864,4283603,55.30,-,71.80,2,1,3,454131,10.60,40.91,51.51,5.94,1.64,1752414,2206545,254472,70172
1980,Oklahoma,8,0,3025487,2207000,0,1469320,1149708,52.10,-,78.20,2,1,3,293544,25.53,34.97,60.50,3.33,1.20,402026,695570,38284,13828
1980,Oregon,6,0,2633156,1929000,0,1569222,1181516,61.30,-,75.30,2,1,3,114154,9.66,38.67,48.33,9.51,3.49,456890,571044,112389,41193
1980,Pennsylvania,27,0,11864720,8787000,0,5754287,4561501,51.90,-,79.30,2,1,3,324332,7.11,42.48,49.59,6.42,1.52,1937540,2261872,292921,69168
1980,Rhode Island,0,4,947154,710000,0,547469,416072,58.60,-,76.00,1,2,3,43549,10.47,47.67,37.20,14.38,0.75,198342,154793,59819,3118
1980,South Carolina,8,0,3120729,2215000,0,1235521,890083,40.20,-,72.00,2,1,3,13647,1.53,48.04,49.57,1.59,0.81,427560,441207,14150,7166
1980,South Dakota,4,0,690768,488000,0,447508,327703,67.20,-,73.20,2,1,3,94488,28.83,31.69,60.53,6.54,1.24,103855,198343,21431,4074
1980,Tennessee,10,0,4591023,3323000,0,2358809,1617616,48.70,-,68.60,2,1,3,4710,0.29,48.41,48.70,2.22,0.67,783051,787761,35991,10813
1980,Texas,26,0,14225513,10130000,0,6639661,4541637,44.80,-,68.40,2,1,3,629558,13.86,41.42,55.28,2.46,0.84,1881147,2510705,111613,38172
1980,Utah,4,0,1461037,935000,0,781711,604222,64.60,-,77.30,2,1,3,315421,52.20,20.57,72.77,5.01,1.65,124266,439687,30284,9985
1980,Vermont,3,0,511456,370000,0,311919,213207,57.60,-,68.40,2,1,3,12707,5.96,38.41,44.37,14.90,2.33,81891,94598,31760,4958
1980,Virginia,12,0,5346797,3930000,0,2309181,1866032,47.50,-,80.80,2,1,3,237435,12.72,40.31,53.03,5.11,1.55,752174,989609,95418,28831
1980,Washington,9,0,4132353,3040000,0,2236603,1742394,57.30,-,77.90,2,1,3,215051,12.34,37.32,49.66,10.62,2.40,650193,865244,185073,41884
1980,West Virginia,0,6,1950186,1400000,0,1034546,737715,52.70,-,71.30,1,2,3,33256,4.51,49.81,45.30,4.30,0.59,367462,334206,31691,4356
1980,Wisconsin,11,0,4705642,3375000,0,0,2273221,67.40,-,-,2,1,3,107261,4.72,43.18,47.90,7.07,1.85,981584,1088845,160657,42135
1980,Wyoming,3,0,469557,332000,0,219423,176713,53.20,-,80.50,2,1,3,61273,34.67,27.97,62.64,6.83,2.55,49427,110700,12072,4514
1976,Alabama,0,9,3737204,2554000,0,1864947,1182850,46.30,-,63.40,1,2,,155100,13.11,55.73,42.61,,1.66,659170,504070,,19610
1976,Alaska,3,0,393115,257190,0,207190,123574,48.00,-,59.60,2,1,,27497,22.25,35.65,57.90,,6.44,44058,71555,,7961
1976,Arizona,6,0,2347976,1611000,0,979654,742719,46.10,-,75.80,2,1,,123040,16.57,39.80,56.37,,3.83,295602,418642,,28475
1976,Arkansas,0,6,2168688,1502000,0,1020533,769396,51.20,-,75.40,1,2,,230861,30.01,64.94,34.93,,0.13,499614,268753,,1029
1976,California,45,0,21934505,15598000,0,9980488,7867117,50.40,-,78.80,2,1,,139960,1.78,47.57,49.35,,3.08,3742284,3882244,,242589
1976,Colorado,7,0,2632244,1838000,0,1361570,1081135,58.80,-,79.40,2,1,,124014,11.47,42.58,54.05,,3.37,460353,584367,,36415
1976,Connecticut,8,0,3085984,2201000,0,1677449,1381526,62.80,-,82.40,2,1,,71366,5.17,46.90,52.06,,1.04,647895,719261,,14370
1976,Delaware,0,3,592755,412000,0,300919,235834,57.20,-,78.40,1,2,,12765,5.41,51.98,46.57,,1.44,122596,109831,,3407
1976,D. C.,0,3,696305,525000,0,262885,168830,32.20,-,64.20,1,2,,109945,65.12,81.63,16.51,,1.86,137818,27873,,3139
1976,Florida,0,17,8695356,6408000,0,4094308,3150631,49.20,-,77.00,1,2,,166469,5.28,51.93,46.64,,1.43,1636000,1469531,,45100
1976,Georgia,0,12,5126155,3494000,0,2301575,1467458,42.00,-,63.80,1,2,,495666,33.78,66.74,32.96,,0.29,979409,483743,,4306
1976,Hawaii,0,4,902070,624000,0,363045,291301,46.70,-,80.20,1,2,,7372,2.53,50.59,48.06,,1.35,147375,140003,,3923
1976,Idaho,4,0,856979,567000,0,520384,340932,60.10,-,65.50,2,1,,77602,22.76,37.12,59.88,,3.00,126549,204151,,10232
1976,Illinois,26,0,11360274,7939000,0,6253654,4718833,59.40,-,75.50,2,1,,92974,1.97,48.13,50.10,,1.76,2271295,2364269,,83269
1976,Indiana,13,0,5371552,3692000,0,3010439,2220362,60.10,-,73.80,2,1,,169244,7.62,45.70,53.32,,0.98,1014714,1183958,,21690
1976,Iowa,8,0,2903770,2026000,0,1666909,1279306,63.10,-,76.70,2,1,,12932,1.01,48.46,49.47,,2.07,619931,632863,,26512
1976,Kansas,7,0,2298645,1628000,0,1172151,957845,58.80,-,81.70,2,1,,72331,7.55,44.94,52.49,,2.58,430421,502752,,24672
1976,Kentucky,0,9,3530443,2434000,0,1713297,1167142,48.00,-,68.10,1,2,,83865,7.19,52.75,45.57,,1.68,615717,531852,,19573
1976,Louisiana,0,10,3951636,2623000,0,1866117,1278439,48.70,-,68.50,1,2,,73919,5.78,51.73,45.95,,2.32,661365,587446,,29628
1976,Maine,4,0,1089960,759000,0,689209,483208,63.70,-,70.10,2,1,,4041,0.84,48.07,48.91,,3.02,232279,236320,,14609
1976,Maryland,0,10,4172132,2920000,0,1949753,1432273,49.10,-,73.50,1,2,,86951,6.07,53.04,46.96,,0.00,759612,672661,,0
1976,Massachusetts,0,14,5748868,4132000,0,3145551,2547558,61.70,-,81.00,1,2,,399199,15.67,56.11,40.44,,3.45,1429475,1030276,,87807
1976,Michigan,21,0,9117481,6214000,0,5202379,3653749,58.80,-,70.20,2,1,,197028,5.39,46.44,51.83,,1.73,1696714,1893742,,63293
1976,Minnesota,0,10,3956602,2726000,0,2565686,1949931,71.50,-,76.00,1,2,,251045,12.87,54.90,42.02,,3.08,1070440,819395,,60096
1976,Mississippi,0,7,2430324,1603000,0,1150000,769360,48.00,-,66.90,1,2,,14463,1.88,49.56,47.68,,2.76,381309,366846,,21205
1976,Missouri,0,12,4823554,3408000,0,2552852,1953600,57.30,-,76.50,1,2,,70944,3.63,51.10,47.47,,1.42,998387,927443,,27770
1976,Montana,4,0,758521,519000,0,454924,328734,63.30,-,72.30,2,1,,24444,7.44,45.40,52.84,,1.76,149259,173703,,5772
1976,Nebraska,5,0,1548901,1081000,0,840666,607668,56.20,-,72.30,2,1,,126013,20.74,38.46,59.19,,2.35,233692,359705,,14271
1976,Nevada,3,0,646823,457000,0,250958,201876,44.20,-,80.40,2,1,,8794,4.36,45.81,50.17,,4.02,92479,101273,,8124
1976,New Hampshire,4,0,847025,593000,0,478188,339618,57.30,-,71.00,2,1,,38300,11.28,43.47,54.75,,1.78,147635,185935,,6048
1976,New Jersey,17,0,7344079,5220000,0,3769558,3014472,57.70,-,80.00,2,1,,65035,2.16,47.92,50.08,,1.99,1444653,1509688,,60131
1976,New Mexico,4,0,1195162,783000,0,527278,416590,53.20,-,79.00,2,1,,10271,2.47,48.28,50.75,,0.97,201148,211419,,4023
1976,New York,0,41,17974654,12892000,0,8198950,6534420,50.70,-,79.70,1,2,,288767,4.42,51.87,47.45,,0.67,3389558,3100791,,44071
1976,North Carolina,0,13,5593463,3907000,0,2553717,1677906,42.90,-,65.70,1,2,,185405,11.05,55.27,44.22,,0.51,927365,741960,,8581
1976,North Dakota,3,0,645293,442000,0,0,297094,67.20,-,-,2,1,,17392,5.85,45.80,51.66,,2.54,136078,153470,,7546
1976,Ohio,0,25,10752731,7461000,0,4602237,4111873,55.10,-,89.30,1,2,,11116,0.27,48.92,48.65,,2.43,2011621,2000505,,99747
1976,Oklahoma,8,0,2823396,1990000,0,1401094,1092251,54.90,-,78.00,2,1,,13266,1.21,48.75,49.96,,1.29,532442,545708,,14101
1976,Oregon,6,0,2372155,1679000,0,1420146,1029876,61.30,-,72.50,2,1,,1713,0.17,47.62,47.78,,4.60,490407,492120,,47349
1976,Pennsylvania,0,27,11887478,8531000,0,5749660,4620787,54.20,-,80.40,1,2,,123073,2.66,50.40,47.73,,1.87,2328677,2205604,,86506
1976,Rhode Island,0,4,950321,689000,0,544992,411170,59.70,-,75.40,1,2,,46387,11.28,55.36,44.08,,0.56,227636,181249,,2285
1976,South Carolina,0,8,2941407,1993000,0,1113361,802594,40.30,-,72.10,1,2,,104685,13.04,56.17,43.13,,0.70,450825,346140,,5629
1976,South Dakota,4,0,686843,469000,0,425532,300678,64.10,-,70.70,2,1,,4437,1.48,48.91,50.39,,0.70,147068,151505,,2105
1976,Tennessee,0,10,4329160,3033000,0,2147380,1476346,48.70,-,68.80,1,2,,191910,13.00,55.94,42.94,,1.12,825879,633969,,16498
1976,Texas,0,26,12903268,8789000,0,6319293,4071884,46.30,-,64.40,1,2,,129019,3.17,51.14,47.97,,0.89,2082319,1953300,,36265
1976,Utah,4,0,1272365,791000,0,704839,541198,68.40,-,76.80,2,1,,155798,28.79,33.65,62.44,,3.91,182110,337908,,21180
1976,Vermont,3,0,485144,337000,0,284294,187855,55.70,-,66.10,2,1,,21041,11.20,43.14,54.34,,2.52,81044,102085,,4726
1976,Virginia,12,0,5132693,3613000,0,2123849,1697094,47.00,-,79.90,2,1,,22658,1.34,47.96,49.29,,2.75,813896,836554,,46644
1976,Washington,8,0,3690561,2601000,0,2065378,1555534,59.80,-,75.30,2,1,,60409,3.88,46.11,50.00,,3.89,717323,777732,,60479
1976,West Virginia,0,6,1877440,1314000,0,1084451,750674,57.10,-,69.20,1,2,,121154,16.14,58.07,41.93,,0.00,435914,314760,,0
1976,Wisconsin,0,11,4584688,3163000,0,0,2101336,66.40,-,-,1,2,,35245,1.68,49.50,47.83,,2.67,1040232,1004987,,56117
1976,Wyoming,3,0,395446,267000,0,194617,156343,58.60,-,80.30,2,1,,30478,19.49,39.81,59.30,,0.89,62239,92717,,1387
1972,Alabama,9,0,3540080,2325000,0,1763845,1006093,43.30,-,57.00,2,1,,471778,46.89,25.54,72.43,,2.03,256923,728701,,20469
1972,Alaska,3,0,326494,203000,0,148960,95219,46.90,-,63.90,2,1,,22382,23.51,34.62,58.13,,7.25,32967,55349,,6903
1972,Arizona,6,0,2008847,1315000,0,861809,653505,49.70,-,75.80,2,1,,204272,31.26,30.38,61.64,,7.98,198540,402812,,52153
1972,Arkansas,6,0,2018116,1354000,0,959871,647666,47.80,-,67.50,2,1,,246852,38.11,30.71,68.82,,0.47,198899,445751,,3016
1972,California,45,0,20584794,14062000,0,10466215,8367862,59.50,-,80.00,2,1,,1126249,13.46,41.54,55.00,,3.46,3475847,4602096,,289919
1972,Colorado,7,0,2404576,1604000,0,1219591,953884,59.50,-,78.20,2,1,,267209,28.01,34.59,62.61,,2.80,329980,597189,,26715
1972,Connecticut,8,0,3069617,2091000,0,1648017,1384277,66.20,-,84.00,2,1,,255265,18.44,40.13,58.57,,1.30,555498,810763,,18016
1972,Delaware,3,0,573821,379000,0,293078,235516,62.10,-,80.40,2,1,,48074,20.41,39.18,59.60,,1.22,92283,140357,,2876
1972,D. C.,0,3,743775,537000,0,305072,163421,30.40,-,53.60,1,2,,92401,56.54,78.10,21.56,,0.35,127627,35226,,568
1972,Florida,17,0,7520324,5313000,0,3497458,2583283,48.60,-,73.90,2,1,,1139642,44.12,27.80,71.91,,0.29,718117,1857759,,7407
1972,Georgia,12,0,4807151,3153000,0,2167888,1174772,37.30,-,54.20,2,1,,591967,50.39,24.65,75.04,,0.32,289529,881496,,3747
1972,Hawaii,4,0,827612,547000,0,337837,270274,49.40,-,80.00,2,1,,67456,24.96,37.52,62.48,,0.00,101409,168865,,0
1972,Idaho,4,0,763229,490000,0,397019,310379,63.30,-,78.20,2,1,,118558,38.20,26.04,64.24,,9.72,80826,199384,,30169
1972,Illinois,26,0,11258111,7576000,0,6215331,4723236,62.30,-,76.00,2,1,,874707,18.52,40.51,59.03,,0.46,1913472,2788179,,21585
1972,Indiana,13,0,5296129,3498000,0,3018578,2125529,60.80,-,70.40,2,1,,696586,32.77,33.34,66.11,,0.56,708568,1405154,,11807
1972,Iowa,8,0,2860506,1917000,0,0,1225944,64.00,-,-,2,1,,210001,17.13,40.48,57.61,,1.92,496206,706207,,23531
1972,Kansas,7,0,2255525,1539000,0,1065730,916095,59.50,-,86.00,2,1,,349525,38.15,29.50,67.66,,2.84,270287,619812,,25996
1972,Kentucky,9,0,3336106,2223000,0,1454575,1067499,48.00,-,73.40,2,1,,305287,28.60,34.77,63.37,,1.86,371159,676446,,19894
1972,Louisiana,10,0,3761967,2389000,0,1784890,1051491,44.00,-,58.90,2,1,,388710,36.97,28.35,65.32,,6.32,298142,686852,,66497
1972,Maine,4,0,1034817,692000,0,615546,417271,60.30,-,67.80,2,1,,95874,22.98,38.48,61.46,,0.05,160584,256458,,229
1972,Maryland,10,0,4081121,2721000,0,1815784,1353812,49.80,-,74.60,2,1,,323524,23.90,37.36,61.26,,1.38,505781,829305,,18726
1972,Massachusetts,0,14,5762122,3963000,0,3099877,2458756,62.00,-,79.30,1,2,,220462,8.97,54.20,45.23,,0.58,1332540,1112078,,14138
1972,Michigan,21,0,9024681,5876000,0,4762764,3490325,59.40,-,73.30,2,1,,502286,14.39,41.81,56.20,,1.98,1459435,1961721,,69169
1972,Minnesota,10,0,3866878,2537000,0,2545344,1741652,68.70,-,68.40,2,1,,95923,5.51,46.07,51.58,,2.36,802346,898269,,41037
1972,Mississippi,7,0,2307291,1462000,0,1030000,645963,44.20,-,62.70,2,1,,378343,58.57,19.63,78.20,,2.18,126782,505125,,14056
1972,Missouri,12,0,4753234,3240000,0,0,1852589,57.20,-,-,2,1,,455527,24.59,37.71,62.29,,0.00,698531,1154058,,0
1972,Montana,4,0,719138,470000,0,386867,317603,67.60,-,82.10,2,1,,63779,20.08,37.85,57.93,,4.23,120197,183976,,13430
1972,Nebraska,5,0,1518293,1021000,0,807267,576289,56.40,-,71.40,2,1,,236307,41.00,29.50,70.50,,0.00,169991,406298,,0
1972,Nevada,3,0,546736,367000,0,231045,181766,49.50,-,78.70,2,1,,49734,27.36,36.32,63.68,,0.00,66016,115750,,0
1972,New Hampshire,4,0,781699,525000,0,447044,334059,63.60,-,74.70,2,1,,97289,29.12,34.85,63.98,,1.17,116435,213724,,3900
1972,New Jersey,17,0,7336538,5010000,0,3672606,2997229,59.80,-,81.60,2,1,,743291,24.80,36.77,61.57,,1.65,1102211,1845502,,49516
1972,New Mexico,4,0,1077815,669000,0,505432,385931,57.70,-,76.40,2,1,,94522,24.49,36.56,61.05,,2.39,141084,235606,,9241
1972,New York,41,0,18351767,12717000,0,9207363,7161830,56.30,-,77.80,2,1,,1241694,17.34,41.21,58.54,,0.25,2951084,4192778,,17968
1972,North Carolina,13,0,5296085,3548000,0,2357645,1518612,42.80,-,64.40,2,1,,616184,40.58,28.89,69.46,,1.65,438705,1054889,,25018
1972,North Dakota,3,0,630937,411000,0,0,280514,68.30,-,-,2,1,,73725,26.28,35.79,62.07,,2.15,100384,174109,,6021
1972,Ohio,25,0,10746920,7149000,0,4572709,4094787,57.30,-,89.50,2,1,,882938,21.56,38.07,59.63,,2.30,1558889,2441827,,94071
1972,Oklahoma,8,0,2657448,1818000,0,1247157,1029900,56.70,-,82.60,2,1,,511878,49.70,24.00,73.70,,2.30,247147,759025,,23728
1972,Oregon,6,0,2195219,0,0,1197676,927946,-,-,77.50,2,1,,93926,10.12,42.33,52.45,,5.23,392760,486686,,48500
1972,Pennsylvania,27,0,11904541,8207000,0,5871902,4592105,56.00,-,78.20,2,1,,917570,19.98,39.13,59.11,,1.76,1796951,2714521,,80633
1972,Rhode Island,4,0,976365,682000,0,531847,415808,61.00,-,78.20,2,1,,25738,6.19,46.81,53.00,,0.19,194645,220383,,780
1972,South Carolina,8,0,2718404,1762000,0,1033688,677880,38.50,-,65.60,2,1,,289157,42.66,27.92,70.58,,1.50,189270,478427,,10183
1972,South Dakota,4,0,677389,443000,0,392256,307415,69.40,-,78.40,2,1,,26531,8.63,45.52,54.15,,0.32,139945,166476,,994
1972,Tennessee,10,0,4088445,2763000,0,1990026,1201182,43.50,-,60.40,2,1,,455854,37.95,29.75,67.70,,2.56,357293,813147,,30742
1972,Texas,26,0,11758760,7719000,0,5230521,3472714,45.00,-,66.40,2,1,,1144605,32.96,33.24,66.20,,0.56,1154291,2298896,,19527
1972,Utah,4,0,1134601,689000,0,621014,478476,69.40,-,77.00,2,1,,197359,41.25,26.39,67.64,,5.97,126284,323643,,28549
1972,Vermont,3,0,463214,308000,0,273056,186946,60.70,-,68.50,2,1,,48975,26.20,36.47,62.66,,0.87,68174,117149,,1623
1972,Virginia,11,0,4828131,3257000,0,2107367,1457019,44.70,-,69.10,2,1,,549606,37.72,30.12,67.84,,2.03,438887,988493,,29639
1972,Washington,9,0,3446815,2330000,0,1974849,1470847,63.10,-,74.50,2,1,,268801,18.28,38.64,56.92,,4.44,568334,837135,,65378
1972,West Virginia,6,0,1796910,1219000,0,1062519,762399,62.50,-,71.80,2,1,,207529,27.22,36.39,63.61,,0.00,277435,484964,,0
1972,Wisconsin,11,0,4498433,2965000,0,0,1852890,62.50,-,-,2,1,,179256,9.67,43.72,53.40,,2.88,810174,989430,,53286
1972,Wyoming,3,0,346863,226000,0,138936,145570,64.40,-,104.80,2,1,,56106,38.54,30.47,69.01,,0.51,44358,100464,,748
1968,Alabama,0,0,,1993000,0,1389198,1049917,52.70,-,75.60,2,3,1,494846,47.13,18.72,13.99,65.86,1.43,196579,146923,691425,14990
1968,Mississippi,0,0,,1229000,0,775000,654509,53.30,-,84.50,2,3,1,264705,40.44,23.02,13.52,63.46,0.00,150644,88516,415349,0
1968,Georgia,0,0,,2851000,0,1960436,1250266,43.90,-,63.80,3,2,1,155439,12.43,26.75,30.40,42.83,0.01,334440,380111,535550,165
1968,Tennessee,11,0,,2325000,0,1840077,1248617,53.70,-,67.90,3,1,2,47800,3.83,28.13,37.85,34.02,0.00,351233,472592,424792,0
1968,Louisiana,0,0,,2002000,0,1449231,1097450,54.80,-,75.70,2,3,1,220685,20.11,28.21,23.47,48.32,0.00,309615,257535,530300,0
1968,North Carolina,12,0,,2921000,0,1858987,1587493,54.30,-,85.40,3,1,2,131004,8.25,29.24,39.51,31.26,0.00,464113,627192,496188,0
1968,South Carolina,8,0,,1427000,0,853014,666982,46.70,-,78.20,3,1,2,38632,5.79,29.61,38.09,32.30,0.00,197486,254062,215430,4
1968,Arkansas,0,0,,1143000,0,845759,609590,53.30,-,72.10,3,2,1,46565,7.64,30.33,31.01,38.65,0.00,184901,189062,235627,0
1968,Idaho,4,0,,397000,0,366532,291183,73.30,-,79.40,2,1,3,76096,26.13,30.66,56.79,12.55,0.00,89273,165369,36541,0
1968,Florida,14,0,,4124000,0,2765316,2187805,53.10,-,79.10,2,1,3,210010,9.60,30.93,40.53,28.53,0.00,676794,886804,624207,0
1968,Nebraska,5,0,,881000,0,637719,536851,60.90,-,84.20,2,1,3,150379,28.01,31.81,59.82,8.36,0.00,170784,321163,44904,0
1968,Oklahoma,8,0,,1540000,0,1163328,943086,61.20,-,81.10,2,1,3,148039,15.70,31.99,47.68,20.33,0.00,301658,449697,191731,0
1968,Virginia,12,0,,2717000,0,1510592,1361491,50.10,-,90.10,2,1,3,147932,10.87,32.49,43.36,23.64,0.51,442387,590319,321833,6952
1968,Kansas,7,0,,1346000,0,0,872783,64.80,-,-,2,1,3,175678,20.13,34.72,54.84,10.19,0.25,302996,478674,88921,2192
1968,Arizona,5,0,,975000,0,614763,486936,49.90,-,79.20,2,1,3,96207,19.76,35.02,54.78,9.56,0.64,170514,266721,46573,3128
1968,Wyoming,3,0,,190000,0,142739,127205,67.00,-,89.10,2,1,3,25754,20.25,35.51,55.76,8.73,0.00,45173,70927,11105,0
1968,Utah,4,0,,551000,0,542793,422568,76.70,-,77.90,2,1,3,82063,19.42,37.07,56.49,6.37,0.06,156665,238728,26906,269
1968,Kentucky,9,0,,2063000,0,1471343,1055893,51.20,-,71.80,2,1,3,64870,6.14,37.65,43.79,18.29,0.27,397541,462411,193098,2843
1968,Indiana,13,0,,3044186,0,2003000,2123597,69.80,-,106.00,2,1,3,261226,12.30,37.99,50.29,11.45,0.28,806659,1067885,243108,5945
1968,North Dakota,4,0,,354000,0,0,247882,70.00,-,-,2,1,3,43900,17.71,38.23,55.94,5.75,0.08,94769,138669,14244,200
1968,Nevada,3,0,,284000,0,188811,154218,54.30,-,81.70,2,1,3,12590,8.16,39.29,47.46,13.25,0.00,60598,73188,20432,0
1968,New Mexico,4,0,,539000,0,445776,327281,60.70,-,73.40,2,1,3,39611,12.10,39.75,51.85,7.86,0.54,130081,169692,25737,1771
1968,Iowa,9,0,,1673000,0,0,1167931,69.80,-,-,2,1,3,142407,12.19,40.82,53.01,5.69,0.49,476699,619106,66422,5704
1968,Texas,0,25,,6327000,0,4073576,3079406,48.70,-,75.60,1,2,3,38960,1.27,41.14,39.87,18.97,0.02,1266804,1227844,584269,489
1968,Colorado,6,0,,1251000,0,966700,811199,64.80,-,83.90,2,1,3,74171,9.14,41.32,50.46,7.50,0.72,335174,409345,60813,5867
1968,Montana,4,0,,403000,0,331078,274404,68.10,-,82.90,2,1,3,24718,9.01,41.59,50.60,7.29,0.52,114117,138835,20015,1437
1968,Delaware,3,0,,314000,0,262032,214367,68.30,-,81.80,2,1,3,7520,3.51,41.61,45.12,13.28,0.00,89194,96714,28459,0
1968,South Dakota,4,0,,384000,0,348254,281264,73.20,-,80.80,2,1,3,31818,11.31,41.96,53.27,4.76,0.00,118023,149841,13400,0
1968,Alaska,3,0,,166000,0,0,83035,50.00,-,-,2,1,3,2189,2.64,42.65,45.28,12.07,0.00,35411,37600,10024,0
1968,Ohio,26,0,,6252000,0,3873426,3959698,63.30,-,102.20,2,1,3,90428,2.28,42.95,45.23,11.81,0.02,1700586,1791014,467495,603
1968,Vermont,3,0,,252000,0,222024,161404,64.00,-,72.70,2,1,3,14887,9.22,43.53,52.75,3.16,0.56,70255,85142,5104,903
1968,Maryland,0,10,,2271000,0,1595436,1235039,54.40,-,77.40,1,2,3,20315,1.64,43.59,41.94,14.47,0.00,538310,517995,178734,0
1968,Missouri,12,0,,2813000,0,0,1809502,64.30,-,-,2,1,3,20488,1.13,43.74,44.87,11.39,0.00,791444,811932,206126,0
1968,Oregon,6,0,,1231000,0,971851,819622,66.60,-,84.30,2,1,3,49567,6.05,43.78,49.83,6.06,0.32,358866,408433,49683,2640
1968,New Hampshire,4,0,,427000,0,385522,297299,69.60,-,77.10,2,1,3,24314,8.18,43.93,52.10,3.76,0.21,130589,154903,11173,634
1968,New Jersey,17,0,,4358000,0,3310043,2875395,66.00,-,86.90,2,1,3,61261,2.13,43.97,46.10,9.12,0.82,1264206,1325467,262187,23535
1968,Illinois,26,0,,6667000,0,5676131,4619749,69.30,-,81.40,2,1,3,134960,2.92,44.15,47.08,8.46,0.31,2039814,2174774,390958,14203
1968,Wisconsin,12,0,,2543000,0,0,1691538,66.50,-,-,2,1,3,61193,3.62,44.27,47.89,7.56,0.29,748804,809997,127835,4902
1968,California,40,0,,11771000,0,8587673,7251587,61.60,-,84.40,2,1,3,223346,3.08,44.74,47.82,6.72,0.72,3244318,3467664,487270,52335
1968,Washington,0,9,,1975000,0,1649734,1304281,66.00,-,79.10,1,2,3,27527,2.11,47.23,45.12,7.44,0.21,616037,588510,96990,2744
1968,Pennsylvania,0,29,,7273000,0,5599364,4747928,65.30,-,84.80,1,2,3,169388,3.57,47.59,44.02,7.97,0.42,2259405,2090017,378582,19924
1968,Michigan,0,21,,5032000,0,4022378,3306250,65.70,-,82.20,1,2,3,222417,6.73,48.18,41.46,10.04,0.32,1593082,1370665,331968,10535
1968,Connecticut,0,8,,1826000,0,1435298,1256232,68.80,-,87.50,1,2,3,64840,5.16,49.48,44.32,6.10,0.10,621561,556721,76650,1300
1968,West Virginia,0,7,,1061000,0,993024,754206,71.10,-,76.00,1,2,3,66536,8.82,49.60,40.78,9.62,0.00,374091,307555,72560,0
1968,New York,0,43,,11450000,0,8113216,6790066,59.30,-,83.70,1,2,3,370538,5.46,49.76,44.30,5.29,0.66,3378470,3007932,358864,44800
1968,Minnesota,0,10,,2154000,0,2225080,1588510,73.70,-,71.40,1,2,3,199095,12.53,54.00,41.46,4.34,0.20,857738,658643,68931,3198
1968,Maine,0,4,,592000,0,529137,392936,66.40,-,74.30,1,2,3,48058,12.23,55.30,43.07,1.62,0.00,217312,169254,6370,0
1968,Hawaii,0,4,,439000,0,274199,236218,53.80,-,86.10,1,2,3,49899,21.12,59.83,38.70,1.47,0.00,141324,91425,3469,0
1968,Massachusetts,0,14,,3459000,0,2725058,2331752,67.40,-,85.60,1,2,3,702374,30.12,63.01,32.89,3.73,0.37,1469218,766844,87088,8602
1968,Rhode Island,0,4,,573000,0,471112,385000,67.20,-,81.70,1,2,3,124159,32.25,64.03,31.78,4.07,0.12,246518,122359,15678,445
1968,D. C.,0,3,,495000,0,201937,170578,34.50,-,84.50,1,2,0,108554,63.64,81.82,18.18,0.00,0.00,139566,31012,0,0
